job_id,arrival_time,duration,gpu_count,gpu_type,preemptible,workload_kind,priority,source_trace
ph-application_1504131676014_19633,0.0,6,1,NVIDIA-B200,False,inference,0,philly
ph-application_1504131676014_19933,0.5986666666666667,6,1,NVIDIA-B200,False,inference,0,philly
ph-application_1504131676014_20042,0.9743333333333334,6,1,NVIDIA-B200,False,inference,0,philly
ph-application_1504131676014_20090,1.2463333333333333,6,1,NVIDIA-B200,False,inference,0,philly
ph-application_1504131676014_20177,1.617,6,1,NVIDIA-B200,False,inference,0,philly
ph-application_1504131676014_20289,9.956333333333333,8,4,NVIDIA-B200,True,training,0,philly
ph-application_1504131676014_20322,12.023333333333333,6,4,NVIDIA-B200,False,training,0,philly
ph-application_1504131676014_20357,13.306666666666667,6,1,NVIDIA-B200,False,inference,0,philly
ph-application_1504131676014_20421,13.461666666666666,6,1,NVIDIA-B200,False,inference,0,philly
ph-application_1504131676014_20455,14.629,6,1,NVIDIA-B200,False,inference,0,philly
ph-application_1504131676014_20521,18.086333333333332,6,1,NVIDIA-B200,False,inference,0,philly
ph-application_1504131676014_20540,18.204,6,1,NVIDIA-B200,False,inference,0,philly
ph-application_1504131676014_20644,19.169666666666668,6,2,NVIDIA-B200,False,inference,0,philly
ph-application_1504131676014_20710,20.591333333333335,6,1,NVIDIA-B200,False,inference,0,philly
ph-application_1504131676014_20811,22.00733333333333,6,1,NVIDIA-B200,False,inference,0,philly
ph-application_1504131676014_20879,22.471666666666668,6,1,NVIDIA-B200,False,inference,0,philly
ph-application_1504131676014_21043,29.607333333333333,6,1,NVIDIA-B200,False,inference,0,philly
ph-application_1504131676014_21218,35.330333333333336,6,1,NVIDIA-B200,False,inference,0,philly
ph-application_1504131676014_21317,39.431333333333335,8,2,NVIDIA-B200,False,training,0,philly
ph-application_1504131676014_21364,41.11333333333334,6,1,NVIDIA-B200,False,training,0,philly
ph-application_1504131676014_21526,45.528666666666666,6,1,NVIDIA-B200,False,inference,0,philly
ph-application_1504131676014_21869,52.42333333333333,6,1,NVIDIA-B200,False,inference,0,philly
ph-application_1504131676014_22022,54.004666666666665,6,1,NVIDIA-B200,False,inference,0,philly
ph-application_1504131676014_22221,56.202666666666666,6,1,NVIDIA-B200,False,inference,0,philly
ph-application_1504131676014_22358,62.007333333333335,6,1,NVIDIA-B200,False,inference,0,philly
ph-application_1504131676014_22359,62.013,6,4,NVIDIA-B200,False,training,0,philly
ph-application_1504131676014_22487,67.63433333333333,6,1,NVIDIA-B200,False,inference,0,philly
ph-application_1504131676014_22594,70.27733333333333,6,1,NVIDIA-B200,False,inference,0,philly
ph-application_1504131676014_22619,70.72966666666666,6,1,NVIDIA-B200,True,inference,0,philly
ph-application_1504131676014_22752,71.83833333333334,6,1,NVIDIA-B200,False,inference,0,philly
ph-application_1504131676014_22845,72.326,6,1,NVIDIA-B200,False,inference,0,philly
ph-application_1504131676014_23473,78.741,8,1,NVIDIA-B200,False,training,0,philly
ph-application_1504131676014_23497,79.60766666666666,6,1,NVIDIA-B200,False,inference,0,philly
ph-application_1504131676014_23554,80.318,6,4,NVIDIA-B200,False,training,0,philly
ph-application_1504131676014_23623,80.825,6,1,NVIDIA-B200,False,inference,0,philly
ph-application_1504131676014_23778,81.285,6,1,NVIDIA-B200,False,inference,0,philly
ph-application_1504131676014_23926,81.65333333333334,6,1,NVIDIA-B200,False,inference,0,philly
ph-application_1504131676014_24590,94.22433333333333,8,1,NVIDIA-B200,True,training,0,philly
ph-application_1504131676014_24734,98.24833333333333,8,4,NVIDIA-B200,False,training,0,philly
ph-application_1504131676014_24780,99.008,6,1,NVIDIA-B200,False,inference,0,philly
ph-application_1504131676014_24975,105.80733333333333,6,1,NVIDIA-B200,False,inference,0,philly
ph-application_1504131676014_24991,106.639,8,4,NVIDIA-B200,False,training,0,philly
ph-application_1504131676014_25039,109.51833333333333,6,1,NVIDIA-B200,False,training,0,philly
ph-application_1504131676014_25063,111.95566666666667,8,1,NVIDIA-B200,False,training,0,philly
ph-application_1504131676014_25113,117.60733333333333,6,1,NVIDIA-B200,False,inference,0,philly
ph-application_1506638472019_0065,127.807,6,1,NVIDIA-B200,False,inference,0,philly
ph-application_1506638472019_0213,134.02133333333333,6,4,NVIDIA-B200,True,training,0,philly
ph-application_1506638472019_0273,136.67666666666668,6,8,NVIDIA-B200,True,training,0,philly
ph-application_1506638472019_0445,139.86033333333333,6,1,NVIDIA-B200,False,inference,0,philly
ph-application_1506638472019_0794,141.55666666666667,6,1,NVIDIA-B200,False,inference,0,philly
ph-application_1506638472019_0805,141.59966666666668,6,1,NVIDIA-B200,False,inference,0,philly
ph-application_1506638472019_0864,141.81266666666667,6,1,NVIDIA-B200,False,inference,0,philly
ph-application_1506638472019_0865,141.81366666666668,6,1,NVIDIA-B200,False,inference,0,philly
ph-application_1506638472019_0870,141.824,6,1,NVIDIA-B200,False,inference,0,philly
ph-application_1506638472019_0922,141.91666666666666,6,1,NVIDIA-B200,False,inference,0,philly
ph-application_1506638472019_0928,141.93566666666666,6,1,NVIDIA-B200,False,inference,0,philly
ph-application_1506638472019_0962,142.03466666666668,6,1,NVIDIA-B200,False,inference,0,philly
ph-application_1506638472019_0969,142.06033333333335,6,1,NVIDIA-B200,False,inference,0,philly
ph-application_1506638472019_1037,142.50066666666666,6,1,NVIDIA-B200,False,inference,0,philly
ph-application_1506638472019_1105,144.40666666666667,6,1,NVIDIA-B200,False,inference,0,philly
ph-application_1506638472019_1439,150.508,8,1,NVIDIA-B200,False,training,0,philly
ph-application_1506638472019_1631,157.50366666666667,6,1,NVIDIA-B200,False,inference,0,philly
ph-application_1506638472019_1725,162.00733333333332,6,1,NVIDIA-B200,False,inference,0,philly
ph-application_1506638472019_1750,162.93166666666667,6,4,NVIDIA-B200,False,training,0,philly
ph-application_1506638472019_1877,172.60666666666665,6,1,NVIDIA-B200,False,inference,0,philly
ph-application_1506638472019_2079,184.07433333333333,8,2,NVIDIA-B200,True,training,0,philly
ph-application_1506638472019_2144,184.35166666666666,6,1,NVIDIA-B200,False,training,0,philly
ph-application_1506638472019_2154,184.36533333333333,6,1,NVIDIA-B200,False,training,0,philly
ph-application_1506638472019_2294,193.45433333333332,6,8,NVIDIA-B200,False,training,0,philly
ph-application_1506638472019_2466,209.608,6,1,NVIDIA-B200,False,inference,0,philly
ph-application_1506638472019_2598,220.00666666666666,6,1,NVIDIA-B200,False,inference,0,philly
ph-application_1506638472019_2758,220.817,6,1,NVIDIA-B200,False,training,0,philly
ph-application_1506638472019_2789,220.86466666666666,6,1,NVIDIA-B200,False,training,0,philly
ph-application_1506638472019_2903,221.04366666666667,6,1,NVIDIA-B200,False,training,0,philly
ph-application_1506638472019_2905,221.04466666666667,6,1,NVIDIA-B200,False,training,0,philly
ph-application_1506638472019_2921,221.07066666666665,6,1,NVIDIA-B200,False,training,0,philly
ph-application_1506638472019_2939,221.09666666666666,6,1,NVIDIA-B200,False,training,0,philly
ph-application_1506638472019_2971,221.151,6,1,NVIDIA-B200,False,training,0,philly
ph-application_1506638472019_2986,221.607,6,1,NVIDIA-B200,False,inference,0,philly
ph-application_1506638472019_3026,221.929,6,1,NVIDIA-B200,False,training,0,philly
ph-application_1506638472019_3057,221.982,6,1,NVIDIA-B200,False,training,0,philly
ph-application_1506638472019_3102,222.04733333333334,6,1,NVIDIA-B200,False,training,0,philly
ph-application_1506638472019_3211,222.21,6,1,NVIDIA-B200,True,training,0,philly
ph-application_1506638472019_3240,222.24966666666666,6,1,NVIDIA-B200,False,training,0,philly
ph-application_1506638472019_3329,222.388,6,1,NVIDIA-B200,False,training,0,philly
ph-application_1506638472019_3379,223.192,6,1,NVIDIA-B200,False,training,0,philly
ph-application_1506638472019_3406,223.235,6,1,NVIDIA-B200,False,training,0,philly
ph-application_1506638472019_3565,224.10833333333332,6,8,NVIDIA-B200,True,training,0,philly
ph-application_1506638472019_3613,225.32466666666667,6,1,NVIDIA-B200,False,training,0,philly
ph-application_1506638472019_3750,230.80666666666667,6,1,NVIDIA-B200,False,inference,0,philly
ph-application_1506638472019_3788,233.23033333333333,6,8,NVIDIA-B200,True,training,0,philly
ph-application_1506638472019_3819,234.38866666666667,6,1,NVIDIA-B200,False,training,0,philly
ph-application_1506638472019_4257,250.659,6,2,NVIDIA-B200,False,inference,0,philly
ph-application_1506638472019_4505,264.9,6,1,NVIDIA-B200,False,inference,0,philly
ph-application_1506638472019_4510,265.21633333333335,8,2,NVIDIA-B200,False,training,0,philly
ph-application_1506638472019_4584,268.312,6,1,NVIDIA-B200,False,inference,0,philly
ph-application_1506638472019_4590,268.31233333333336,6,1,NVIDIA-B200,False,inference,0,philly
ph-application_1506638472019_4772,269.75733333333335,6,2,NVIDIA-B200,True,inference,0,philly
ph-application_1506638472019_4898,270.81233333333336,6,1,NVIDIA-B200,False,training,0,philly
ph-application_1506638472019_4980,270.90833333333336,6,1,NVIDIA-B200,False,training,0,philly
ph-application_1506638472019_5127,271.015,6,1,NVIDIA-B200,False,training,0,philly
ph-application_1506638472019_5296,271.12666666666667,6,1,NVIDIA-B200,False,training,0,philly
ph-application_1506638472019_5305,271.13366666666667,6,1,NVIDIA-B200,False,training,0,philly
ph-application_1506638472019_5363,272.509,6,1,NVIDIA-B200,False,training,0,philly
ph-application_1506638472019_5436,272.56033333333335,6,1,NVIDIA-B200,False,training,0,philly
ph-application_1506638472019_5644,272.694,6,1,NVIDIA-B200,False,training,0,philly
ph-application_1506638472019_5732,272.76033333333334,6,1,NVIDIA-B200,False,training,0,philly
ph-application_1506638472019_6191,290.86833333333334,6,1,NVIDIA-B200,False,inference,0,philly
ph-application_1506638472019_6235,292.37266666666665,6,2,NVIDIA-B200,False,inference,0,philly
ph-application_1506638472019_6359,295.79766666666666,6,1,NVIDIA-B200,False,training,0,philly
ph-application_1506638472019_6417,295.965,6,1,NVIDIA-B200,False,training,0,philly
ph-application_1506638472019_6545,296.23833333333334,6,1,NVIDIA-B200,False,training,0,philly
ph-application_1506638472019_6546,296.24,6,1,NVIDIA-B200,False,training,0,philly
ph-application_1506638472019_6575,296.3813333333333,6,1,NVIDIA-B200,False,training,0,philly
ph-application_1506638472019_6726,297.1503333333333,6,1,NVIDIA-B200,False,training,0,philly
ph-application_1506638472019_6729,297.1553333333333,6,1,NVIDIA-B200,False,training,0,philly
ph-application_1506638472019_6740,297.1723333333333,6,1,NVIDIA-B200,False,training,0,philly
ph-application_1506638472019_6761,297.2776666666667,6,1,NVIDIA-B200,False,training,0,philly
ph-application_1506638472019_6834,297.4433333333333,6,1,NVIDIA-B200,False,training,0,philly
ph-application_1506638472019_6867,297.5486666666667,6,1,NVIDIA-B200,False,training,0,philly
ph-application_1506638472019_7002,297.7436666666667,6,1,NVIDIA-B200,False,training,0,philly
ph-application_1506638472019_7075,297.83233333333334,6,1,NVIDIA-B200,False,inference,0,philly
ph-application_1506638472019_7117,297.87666666666667,6,1,NVIDIA-B200,False,training,0,philly
ph-application_1506638472019_7118,297.87766666666664,6,1,NVIDIA-B200,False,training,0,philly
ph-application_1506638472019_7207,297.97333333333336,6,1,NVIDIA-B200,False,training,0,philly
ph-application_1506638472019_7264,298.0493333333333,6,1,NVIDIA-B200,False,training,0,philly
ph-application_1506638472019_7291,298.108,6,1,NVIDIA-B200,False,training,0,philly
ph-application_1506638472019_7336,298.18966666666665,6,1,NVIDIA-B200,False,training,0,philly
ph-application_1506638472019_7358,298.8063333333333,6,1,NVIDIA-B200,False,inference,0,philly
ph-application_1506638472019_7367,298.87266666666665,6,1,NVIDIA-B200,False,training,0,philly
ph-application_1506638472019_7402,298.9386666666667,6,1,NVIDIA-B200,False,training,0,philly
ph-application_1506638472019_7474,299.11333333333334,6,1,NVIDIA-B200,False,training,0,philly
ph-application_1506638472019_7994,300.2456666666667,6,1,NVIDIA-B200,False,training,0,philly
ph-application_1506638472019_8064,300.3996666666667,6,1,NVIDIA-B200,False,training,0,philly
ph-application_1506638472019_8188,300.676,6,1,NVIDIA-B200,False,training,0,philly
ph-application_1506638472019_8386,302.61333333333334,6,1,NVIDIA-B200,False,inference,0,philly
ph-application_1506638472019_8553,303.0763333333333,6,1,NVIDIA-B200,False,inference,0,philly
ph-application_1506638472019_8617,303.23466666666667,6,1,NVIDIA-B200,False,inference,0,philly
ph-application_1506638472019_8740,305.317,6,1,NVIDIA-B200,False,training,0,philly
ph-application_1506638472019_8799,305.46666666666664,6,1,NVIDIA-B200,False,training,0,philly
ph-application_1506638472019_8834,305.55533333333335,6,1,NVIDIA-B200,False,training,0,philly
ph-application_1506638472019_8853,305.60966666666667,6,1,NVIDIA-B200,False,training,0,philly
ph-application_1506638472019_8936,305.86266666666666,6,1,NVIDIA-B200,False,training,0,philly
ph-application_1506638472019_9265,306.7543333333333,6,1,NVIDIA-B200,False,inference,0,philly
ph-application_1506638472019_9329,306.926,6,1,NVIDIA-B200,False,inference,0,philly
ph-application_1506638472019_9471,307.3106666666667,6,1,NVIDIA-B200,False,inference,0,philly
ph-application_1506638472019_9682,307.95,6,1,NVIDIA-B200,False,inference,0,philly
ph-application_1506638472019_9793,308.64366666666666,8,8,NVIDIA-B200,False,training,0,philly
ph-application_1506638472019_9874,311.18066666666664,6,1,NVIDIA-B200,False,inference,0,philly
ph-application_1506638472019_9949,311.38166666666666,6,1,NVIDIA-B200,False,inference,0,philly
ph-application_1506638472019_9970,311.44266666666664,6,1,NVIDIA-B200,False,inference,0,philly
ph-application_1506638472019_9980,311.477,6,1,NVIDIA-B200,False,inference,0,philly
ph-application_1506638472019_10000,311.52233333333334,6,1,NVIDIA-B200,False,inference,0,philly
ph-application_1506638472019_10307,320.021,8,1,NVIDIA-B200,True,training,0,philly
ph-application_1506638472019_10403,322.83433333333335,6,1,NVIDIA-B200,True,inference,0,philly
ph-application_1506638472019_10573,325.8666666666667,6,1,NVIDIA-B200,False,inference,0,philly
ph-application_1506638472019_10607,326.668,6,8,NVIDIA-B200,False,training,0,philly
ph-application_1506638472019_10612,326.8066666666667,6,1,NVIDIA-B200,False,inference,0,philly
ph-application_1506638472019_10647,327.2296666666667,6,1,NVIDIA-B200,False,training,0,philly
ph-application_1506638472019_10771,327.4866666666667,6,1,NVIDIA-B200,False,inference,0,philly
ph-application_1506638472019_10885,327.7606666666667,6,1,NVIDIA-B200,False,inference,0,philly
ph-application_1506638472019_11079,328.13166666666666,6,1,NVIDIA-B200,False,training,0,philly
ph-application_1506638472019_11086,328.1483333333333,6,1,NVIDIA-B200,False,inference,0,philly
ph-application_1506638472019_11279,328.744,6,1,NVIDIA-B200,False,inference,0,philly
ph-application_1506638472019_11414,329.0853333333333,6,1,NVIDIA-B200,False,inference,0,philly
ph-application_1506638472019_11465,329.20633333333336,6,1,NVIDIA-B200,False,inference,0,philly
ph-application_1506638472019_11582,329.47866666666664,6,1,NVIDIA-B200,False,inference,0,philly
ph-application_1506638472019_11593,329.52633333333335,6,1,NVIDIA-B200,False,inference,0,philly
ph-application_1506638472019_11943,330.66,6,1,NVIDIA-B200,False,inference,0,philly
ph-application_1506638472019_12443,333.8063333333333,6,1,NVIDIA-B200,False,inference,0,philly
ph-application_1506638472019_12507,334.84833333333336,6,1,NVIDIA-B200,False,inference,0,philly
ph-application_1506638472019_12527,334.895,6,1,NVIDIA-B200,False,inference,0,philly
ph-application_1506638472019_12560,334.9603333333333,6,1,NVIDIA-B200,False,inference,0,philly
ph-application_1506638472019_12776,346.094,6,1,NVIDIA-B200,False,inference,0,philly
ph-application_1506638472019_12960,350.4823333333333,6,1,NVIDIA-B200,False,inference,0,philly
ph-application_1506638472019_13119,351.49766666666665,6,1,NVIDIA-B200,False,inference,0,philly
ph-application_1506638472019_13171,351.59133333333335,6,1,NVIDIA-B200,False,inference,0,philly
ph-application_1506638472019_13217,351.68066666666664,6,1,NVIDIA-B200,False,training,0,philly
ph-application_1506638472019_13220,351.6856666666667,6,1,NVIDIA-B200,False,inference,0,philly
ph-application_1506638472019_13281,351.88,6,1,NVIDIA-B200,False,inference,0,philly
ph-application_1506638472019_13375,352.00466666666665,6,1,NVIDIA-B200,False,inference,0,philly
ph-application_1506638472019_13501,352.135,6,1,NVIDIA-B200,False,inference,0,philly
ph-application_1506638472019_13508,352.14433333333335,6,1,NVIDIA-B200,False,inference,0,philly
ph-application_1506638472019_13651,352.558,6,1,NVIDIA-B200,False,inference,0,philly
ph-application_1506638472019_13970,353.1186666666667,6,1,NVIDIA-B200,False,inference,0,philly
ph-application_1506638472019_14055,353.26366666666667,6,4,NVIDIA-B200,False,training,0,philly
ph-application_1506638472019_14098,354.1723333333333,6,4,NVIDIA-B200,False,training,0,philly
ph-application_1506638472019_14147,355.4066666666667,6,1,NVIDIA-B200,False,inference,0,philly
ph-application_1506638472019_14291,364.4066666666667,6,1,NVIDIA-B200,False,inference,0,philly
ph-application_1506638472019_14298,365.20666666666665,6,1,NVIDIA-B200,False,inference,0,philly
ph-application_1506638472019_14320,365.809,6,1,NVIDIA-B200,False,inference,0,philly
ph-application_1506638472019_14339,366.55033333333336,8,1,NVIDIA-B200,True,training,0,philly
ph-application_1506638472019_14452,375.30466666666666,8,2,NVIDIA-B200,True,training,0,philly
ph-application_1506638472019_14789,388.3743333333333,8,4,NVIDIA-B200,True,training,0,philly
ph-application_1506638472019_14880,393.333,8,2,NVIDIA-B200,False,training,0,philly
ph-application_1506638472019_14920,394.0183333333333,7.185,1,NVIDIA-B200,False,training,0,philly
ph-application_1506638472019_15377,400.63166666666666,6,1,NVIDIA-B200,True,training,0,philly
ph-application_1506638472019_15557,404.6,6,1,NVIDIA-B200,False,training,0,philly
ph-application_1506638472019_15909,406.0126666666667,6,1,NVIDIA-B200,False,training,0,philly
ph-application_1506638472019_15938,406.126,6,1,NVIDIA-B200,False,training,0,philly
ph-application_1506638472019_16123,416.29533333333336,6,1,NVIDIA-B200,False,training,0,philly
ph-application_1506638472019_16210,416.65,6,1,NVIDIA-B200,False,training,0,philly
ph-application_1506638472019_16253,416.8066666666667,6,1,NVIDIA-B200,False,inference,0,philly
ph-application_1506638472019_16305,417.01366666666667,6,1,NVIDIA-B200,True,training,0,philly
ph-application_1506638472019_16402,417.426,6,1,NVIDIA-B200,False,training,0,philly
ph-application_1506638472019_16690,420.12666666666667,6,1,NVIDIA-B200,False,training,0,philly
ph-application_1506638472019_16729,420.28,6,1,NVIDIA-B200,False,training,0,philly
ph-application_1506638472019_16900,420.92,6,1,NVIDIA-B200,False,training,0,philly
ph-application_1506638472019_16926,421.02066666666667,6,1,NVIDIA-B200,False,training,0,philly
ph-application_1506638472019_17082,421.577,6,1,NVIDIA-B200,False,training,0,philly
ph-application_1506638472019_17085,421.58866666666665,6,1,NVIDIA-B200,True,training,0,philly
ph-application_1506638472019_17258,423.36633333333333,6,1,NVIDIA-B200,False,inference,0,philly
ph-application_1506638472019_17294,424.52233333333334,6,1,NVIDIA-B200,False,training,0,philly
ph-application_1506638472019_17362,427.6066666666667,6,1,NVIDIA-B200,False,inference,0,philly
ph-application_1506638472019_17904,444.733,6,1,NVIDIA-B200,False,training,0,philly
ph-application_1506638472019_17907,444.7423333333333,6,1,NVIDIA-B200,False,training,0,philly
ph-application_1506638472019_18084,445.304,6,1,NVIDIA-B200,False,training,0,philly
ph-application_1506638472019_18207,445.545,6,1,NVIDIA-B200,False,inference,0,philly
ph-application_1506638472019_18276,446.043,6,1,NVIDIA-B200,False,training,0,philly
ph-application_1506638472019_18470,446.6546666666667,6,1,NVIDIA-B200,False,training,0,philly
ph-application_1506638472019_18493,446.70866666666666,6,1,NVIDIA-B200,False,training,0,philly
ph-application_1506638472019_18532,446.7986666666667,6,1,NVIDIA-B200,True,training,0,philly
ph-application_1506638472019_18557,446.857,6,1,NVIDIA-B200,True,training,0,philly
ph-application_1506638472019_18923,450.532,6,1,NVIDIA-B200,False,training,0,philly
ph-application_1506638472019_18928,450.5486666666667,6,1,NVIDIA-B200,False,training,0,philly
ph-application_1506638472019_19034,450.98266666666666,6,1,NVIDIA-B200,False,training,0,philly
ph-application_1506638472019_19117,451.2556666666667,6,1,NVIDIA-B200,True,training,0,philly
ph-application_1506638472019_19306,452.00266666666664,6,1,NVIDIA-B200,False,training,0,philly
ph-application_1506638472019_19513,452.93966666666665,6,1,NVIDIA-B200,True,training,0,philly
ph-application_1506638472019_19556,453.0846666666667,6,8,NVIDIA-B200,False,training,0,philly
ph-application_1506638472019_19623,453.304,6,1,NVIDIA-B200,False,training,0,philly
ph-application_1506638472019_19784,454.3093333333333,6,1,NVIDIA-B200,True,training,0,philly
ph-application_1506638472019_19786,454.31966666666665,6,1,NVIDIA-B200,False,training,0,philly
ph-application_1506638472019_19899,454.77566666666667,6,1,NVIDIA-B200,False,training,0,philly
ph-application_1506638472019_19914,454.83,6,1,NVIDIA-B200,False,training,0,philly
ph-application_1506638472019_19951,455.7323333333333,6,1,NVIDIA-B200,False,training,0,philly
ph-application_1506638472019_20023,457.2626666666667,6,1,NVIDIA-B200,False,training,0,philly
ph-application_1506638472019_20025,457.29266666666666,6,1,NVIDIA-B200,False,inference,0,philly
ph-application_1506638472019_20091,457.59633333333335,6,1,NVIDIA-B200,False,inference,0,philly
ph-application_1506638472019_20201,464.20666666666665,6,1,NVIDIA-B200,False,inference,0,philly
ph-application_1506638472019_20205,464.56233333333336,6,1,NVIDIA-B200,False,training,0,philly
ph-application_1506638472019_20224,465.024,6,2,NVIDIA-B200,False,inference,0,philly
ph-application_1506638472019_20291,466.52633333333335,8,2,NVIDIA-B200,False,training,0,philly
ph-application_1506638472019_20332,468.10066666666665,6,1,NVIDIA-B200,False,inference,0,philly
ph-application_1506638472019_20401,470.22766666666666,6,1,NVIDIA-B200,False,training,0,philly
ph-application_1506638472019_20484,471.8523333333333,6,1,NVIDIA-B200,False,inference,0,philly
ph-application_1506638472019_20533,471.90766666666667,6,1,NVIDIA-B200,False,inference,0,philly
ph-application_1506638472019_20861,476.93666666666667,8,1,NVIDIA-B200,False,training,0,philly
ph-application_1506638472019_21399,480.4193333333333,6,1,NVIDIA-B200,False,inference,0,philly
ph-application_1506638472019_21465,480.57433333333336,6,1,NVIDIA-B200,True,training,0,philly
ph-application_1506638472019_21505,480.6526666666667,6,1,NVIDIA-B200,False,training,0,philly
ph-application_1506638472019_21808,481.2823333333333,6,1,NVIDIA-B200,False,inference,0,philly
ph-application_1506638472019_21917,481.53333333333336,6,1,NVIDIA-B200,True,inference,0,philly
ph-application_1506638472019_22409,485.9583333333333,6,1,NVIDIA-B200,True,inference,0,philly
ph-application_1506638472019_22500,489.8066666666667,6,1,NVIDIA-B200,False,inference,0,philly
ph-application_1506638472019_22618,492.81466666666665,8,1,NVIDIA-B200,False,training,0,philly
ph-application_1506638472019_22782,494.496,6,1,NVIDIA-B200,False,inference,0,philly
ph-application_1506638472019_22833,494.6023333333333,6,1,NVIDIA-B200,False,training,0,philly
ph-application_1506638472019_23006,495.8983333333333,6,1,NVIDIA-B200,False,training,0,philly
ph-application_1506638472019_23233,498.0806666666667,6,1,NVIDIA-B200,False,training,0,philly
ph-application_1506638472019_23381,498.4273333333333,6,1,NVIDIA-B200,True,training,0,philly
ph-application_1506638472019_23482,498.6566666666667,6,1,NVIDIA-B200,True,training,0,philly
ph-application_1506638472019_23499,498.69933333333336,6,1,NVIDIA-B200,False,training,0,philly
ph-application_1506638472019_23523,498.75533333333334,6,1,NVIDIA-B200,False,inference,0,philly
ph-application_1506638472019_23556,499.46066666666667,6,1,NVIDIA-B200,False,training,0,philly
ph-application_1506638472019_23638,499.71166666666664,6,1,NVIDIA-B200,False,training,0,philly
ph-application_1506638472019_23868,500.6066666666667,6,1,NVIDIA-B200,False,inference,0,philly
ph-application_1506638472019_24322,502.64366666666666,6,1,NVIDIA-B200,False,training,0,philly
ph-application_1506638472019_24344,502.70466666666664,6,1,NVIDIA-B200,True,training,0,philly
ph-application_1506638472019_24475,508.293,8,1,NVIDIA-B200,False,training,0,philly
ph-application_1506638472019_24615,508.982,6,1,NVIDIA-B200,False,training,0,philly
ph-application_1506638472019_24628,509.0403333333333,6,1,NVIDIA-B200,False,training,0,philly
ph-application_1506638472019_24890,509.8863333333333,6,1,NVIDIA-B200,False,training,0,philly
ph-application_1506638472019_25096,510.3623333333333,6,1,NVIDIA-B200,True,inference,0,philly
ph-application_1506638472019_25213,510.716,6,1,NVIDIA-B200,False,training,0,philly
ph-application_1506638472019_25220,510.743,6,1,NVIDIA-B200,False,training,0,philly
ph-application_1506638472019_25392,511.32366666666667,6,1,NVIDIA-B200,True,inference,0,philly
ph-application_1506638472019_25601,511.80466666666666,6,1,NVIDIA-B200,False,training,0,philly
ph-application_1506638472019_25750,513.14,6,1,NVIDIA-B200,False,training,0,philly
ph-application_1506638472019_25947,514.6146666666667,6,1,NVIDIA-B200,False,training,0,philly
ph-application_1506638472019_26148,515.7646666666667,6,8,NVIDIA-B200,True,training,0,philly
ph-application_1506638472019_26229,516.3063333333333,6,1,NVIDIA-B200,True,training,0,philly
ph-application_1506638472019_26307,521.175,6,1,NVIDIA-B200,False,training,0,philly
ph-application_1506638472019_26604,525.804,6,1,NVIDIA-B200,False,training,0,philly
ph-application_1506638472019_26717,526.04,6,1,NVIDIA-B200,False,training,0,philly
ph-application_1506638472019_26756,526.1166666666667,6,1,NVIDIA-B200,False,training,0,philly
ph-application_1506638472019_27276,529.1946666666666,6,1,NVIDIA-B200,False,training,0,philly
ph-application_1506638472019_27442,529.6003333333333,6,1,NVIDIA-B200,False,training,0,philly
ph-application_1506638472019_27716,533.1576666666666,6,1,NVIDIA-B200,False,training,0,philly
ph-application_1506638472019_27740,533.3906666666667,6,4,NVIDIA-B200,False,training,0,philly
ph-application_1506638472019_27912,535.8636666666666,6,1,NVIDIA-B200,False,training,0,philly
ph-application_1506638472019_27948,536.0023333333334,6,1,NVIDIA-B200,False,training,0,philly
ph-application_1506638472019_28023,536.1933333333334,6,1,NVIDIA-B200,True,inference,0,philly
ph-application_1506638472019_28037,536.2166666666667,6,1,NVIDIA-B200,False,inference,0,philly
ph-application_1506638472019_28044,536.2336666666666,6,1,NVIDIA-B200,False,inference,0,philly
ph-application_1506638472019_28071,536.2776666666666,6,1,NVIDIA-B200,False,training,0,philly
ph-application_1506638472019_28162,536.5846666666666,6,1,NVIDIA-B200,False,training,0,philly
ph-application_1506638472019_28228,536.8933333333333,6,1,NVIDIA-B200,True,training,0,philly
ph-application_1506638472019_28352,537.6066666666667,6,1,NVIDIA-B200,False,inference,0,philly
ph-application_1506638472019_28770,539.159,6,1,NVIDIA-B200,False,training,0,philly
ph-application_1506638472019_28791,539.2293333333333,6,1,NVIDIA-B200,False,training,0,philly
ph-application_1506638472019_29344,553.6303333333333,6,4,NVIDIA-B200,True,training,0,philly
ph-application_1506638472019_29405,555.7446666666667,6,4,NVIDIA-B200,True,training,0,philly
ph-application_1506638472019_29468,556.242,6,1,NVIDIA-B200,False,training,0,philly
ph-application_1506638472019_29936,567.0446666666667,6,1,NVIDIA-B200,False,training,0,philly
ph-application_1506638472019_29974,568.6063333333333,6,1,NVIDIA-B200,False,inference,0,philly
ph-application_1506638472019_29987,569.8373333333333,6,8,NVIDIA-B200,False,training,0,philly
ph-application_1506638472019_30423,573.915,6,1,NVIDIA-B200,False,training,0,philly
ph-application_1506638472019_30633,574.7843333333333,6,1,NVIDIA-B200,False,training,0,philly
ph-application_1506638472019_30639,574.7986666666667,6,1,NVIDIA-B200,False,training,0,philly
ph-application_1506638472019_30687,574.959,6,1,NVIDIA-B200,False,training,0,philly
ph-application_1506638472019_30757,575.1136666666666,6,1,NVIDIA-B200,False,training,0,philly
ph-application_1506638472019_30904,575.4073333333333,6,1,NVIDIA-B200,False,training,0,philly
ph-application_1506638472019_30919,575.4383333333334,6,1,NVIDIA-B200,False,training,0,philly
ph-application_1506638472019_31022,576.1893333333334,6,1,NVIDIA-B200,False,training,0,philly
ph-application_1506638472019_31025,576.2066666666667,6,1,NVIDIA-B200,False,training,0,philly
ph-application_1506638472019_31048,577.6066666666667,6,1,NVIDIA-B200,False,inference,0,philly
ph-application_1506638472019_31067,577.7916666666666,6,1,NVIDIA-B200,False,training,0,philly
ph-application_1506638472019_31191,578.7556666666667,6,1,NVIDIA-B200,False,training,0,philly
ph-application_1506638472019_31567,586.9436666666667,6,1,NVIDIA-B200,False,training,0,philly
ph-application_1506638472019_31810,595.2596666666667,8,1,NVIDIA-B200,False,training,0,philly
ph-application_1506638472019_31822,595.6716666666666,6,4,NVIDIA-B200,True,training,0,philly
ph-application_1506638472019_32235,619.4473333333333,6,1,NVIDIA-B200,False,training,0,philly
ph-application_1506638472019_32295,620.1166666666667,6,1,NVIDIA-B200,False,inference,0,philly
ph-application_1506638472019_32362,621.2416666666667,6,1,NVIDIA-B200,False,training,0,philly
ph-application_1506638472019_32418,621.245,6,1,NVIDIA-B200,False,training,0,philly
ph-application_1506638472019_32508,621.305,6,1,NVIDIA-B200,False,training,0,philly
ph-application_1506638472019_32550,621.3346666666666,6,1,NVIDIA-B200,False,training,0,philly
ph-application_1506638472019_32572,621.4063333333334,6,1,NVIDIA-B200,False,inference,0,philly
ph-application_1506638472019_32772,623.4176666666667,8,1,NVIDIA-B200,False,training,0,philly
ph-application_1506638472019_32833,624.596,8,8,NVIDIA-B200,False,training,0,philly
ph-application_1506638472019_33046,633.818,6,1,NVIDIA-B200,False,inference,0,philly
ph-application_1506638472019_33150,636.9313333333333,6,1,NVIDIA-B200,False,inference,0,philly
ph-application_1506638472019_33435,640.462,6,1,NVIDIA-B200,False,inference,0,philly
ph-application_1506638472019_33537,640.8126666666667,6,1,NVIDIA-B200,False,inference,0,philly
ph-application_1506638472019_33570,640.9173333333333,6,1,NVIDIA-B200,False,inference,0,philly
ph-application_1506638472019_33722,641.4273333333333,6,1,NVIDIA-B200,False,inference,0,philly
ph-application_1506638472019_33837,641.8393333333333,6,1,NVIDIA-B200,False,inference,0,philly
ph-application_1506638472019_33851,641.8706666666667,6,1,NVIDIA-B200,False,inference,0,philly
ph-application_1506638472019_33864,642.4066666666666,6,1,NVIDIA-B200,False,inference,0,philly
ph-application_1506638472019_34117,643.139,6.326333333333333,1,NVIDIA-B200,False,training,0,philly
ph-application_1506638472019_34119,643.2066666666667,6,1,NVIDIA-B200,False,inference,0,philly
ph-application_1506638472019_34131,643.437,6,1,NVIDIA-B200,True,inference,0,philly
ph-application_1506638472019_34355,645.406,6,1,NVIDIA-B200,True,inference,0,philly
ph-application_1506638472019_34420,645.848,6,1,NVIDIA-B200,True,inference,0,philly
ph-application_1506638472019_34475,646.0026666666666,6,1,NVIDIA-B200,False,inference,0,philly
ph-application_1506638472019_34532,646.769,6,1,NVIDIA-B200,False,training,0,philly
ph-application_1506638472019_34620,647.1543333333333,6,1,NVIDIA-B200,False,training,0,philly
ph-application_1506638472019_34661,647.2316666666667,6,1,NVIDIA-B200,False,training,0,philly
ph-application_1506638472019_34779,647.491,6,1,NVIDIA-B200,False,inference,0,philly
ph-application_1506638472019_34791,647.5126666666666,6,1,NVIDIA-B200,True,inference,0,philly
ph-application_1506638472019_34844,647.6056666666667,8,1,NVIDIA-B200,False,training,0,philly
ph-application_1506638472019_34874,647.656,6,1,NVIDIA-B200,False,training,0,philly
ph-application_1506638472019_35113,651.1206666666667,8,1,NVIDIA-B200,False,training,0,philly
ph-application_1506638472019_35115,651.132,8,4,NVIDIA-B200,False,training,0,philly
ph-application_1506638472019_35121,651.217,8,1,NVIDIA-B200,False,training,0,philly
ph-application_1506638472019_35284,652.744,6,1,NVIDIA-B200,False,inference,0,philly
ph-application_1506638472019_35339,653.072,6,1,NVIDIA-B200,False,training,0,philly
ph-application_1506638472019_35388,653.2446666666667,6,8,NVIDIA-B200,True,training,0,philly
ph-application_1506638472019_35496,653.5643333333334,6,1,NVIDIA-B200,True,inference,0,philly
ph-application_1506638472019_35512,653.6053333333333,6,1,NVIDIA-B200,True,inference,0,philly
ph-application_1506638472019_35771,655.1096666666666,6,1,NVIDIA-B200,False,inference,0,philly
ph-application_1506638472019_35788,655.289,6,1,NVIDIA-B200,False,inference,0,philly
ph-application_1506638472019_35813,655.3526666666667,6,1,NVIDIA-B200,False,inference,0,philly
ph-application_1506638472019_35887,655.5503333333334,6,1,NVIDIA-B200,False,inference,0,philly
ph-application_1506638472019_35897,655.585,6,1,NVIDIA-B200,True,training,0,philly
ph-application_1506638472019_35966,655.842,6,1,NVIDIA-B200,False,training,0,philly
ph-application_1506638472019_36209,657.5786666666667,6,1,NVIDIA-B200,False,training,0,philly
ph-application_1506638472019_36326,658.382,6,1,NVIDIA-B200,False,training,0,philly
ph-application_1506638472019_36496,659.2803333333334,6,1,NVIDIA-B200,False,training,0,philly
ph-application_1506638472019_36764,662.0993333333333,6,1,NVIDIA-B200,False,training,0,philly
ph-application_1506638472019_36954,664.8773333333334,6,1,NVIDIA-B200,False,inference,0,philly
ph-application_1506638472019_36973,665.2446666666667,6,1,NVIDIA-B200,False,training,0,philly
ph-application_1506638472019_37140,666.6066666666667,6,1,NVIDIA-B200,False,inference,0,philly
ph-application_1506638472019_37167,667.6683333333333,8,1,NVIDIA-B200,False,training,0,philly
ph-application_1506638472019_37278,671.761,6,1,NVIDIA-B200,False,training,0,philly
ph-application_1506638472019_37303,671.7826666666666,6,1,NVIDIA-B200,False,training,0,philly
ph-application_1506638472019_37364,672.7253333333333,6,1,NVIDIA-B200,False,inference,0,philly
ph-application_1506638472019_37379,672.7406666666667,6,1,NVIDIA-B200,False,inference,0,philly
ph-application_1506638472019_37733,674.2313333333333,6,1,NVIDIA-B200,False,inference,0,philly
ph-application_1506638472019_37887,675.4386666666667,6,1,NVIDIA-B200,False,inference,0,philly
ph-application_1506638472019_37955,676.1476666666666,8,1,NVIDIA-B200,True,training,0,philly
ph-application_1506638472019_38014,676.4736666666666,6,1,NVIDIA-B200,False,inference,0,philly
ph-application_1506638472019_38114,679.0066666666667,6,1,NVIDIA-B200,False,inference,0,philly
ph-application_1506638472019_38193,679.4846666666666,8,1,NVIDIA-B200,False,training,0,philly
ph-application_1506638472019_38423,680.3153333333333,8,1,NVIDIA-B200,False,training,0,philly
ph-application_1506638472019_38690,687.179,8,8,NVIDIA-B200,False,training,0,philly
ph-application_1506638472019_38775,689.2706666666667,6,1,NVIDIA-B200,False,inference,0,philly
ph-application_1506638472019_39077,695.84,6,1,NVIDIA-B200,False,inference,0,philly
ph-application_1506638472019_39137,696.0066666666667,6,1,NVIDIA-B200,False,inference,0,philly
ph-application_1506638472019_39248,697.878,6,1,NVIDIA-B200,False,inference,0,philly
ph-application_1506638472019_39285,697.924,6,1,NVIDIA-B200,False,inference,0,philly
ph-application_1508364558011_0030,700.4406666666666,8,2,NVIDIA-B200,False,training,0,philly
ph-application_1508364558011_0128,701.957,6,4,NVIDIA-B200,False,training,0,philly
ph-application_1508364558011_0177,701.957,6,8,NVIDIA-B200,False,training,0,philly
ph-application_1508364558011_0422,705.8353333333333,6,1,NVIDIA-B200,False,inference,0,philly
ph-application_1508364558011_0493,706.615,6,8,NVIDIA-B200,True,training,0,philly
ph-application_1508364558011_0600,709.2066666666667,6,1,NVIDIA-B200,True,inference,0,philly
ph-application_1508364558011_0704,710.7576666666666,6,1,NVIDIA-B200,False,training,0,philly
ph-application_1508364558011_0835,713.1983333333334,6,1,NVIDIA-B200,False,inference,0,philly
ph-application_1508364558011_1305,724.336,6,1,NVIDIA-B200,False,inference,0,philly
ph-application_1508364558011_1424,727.3263333333333,8,8,NVIDIA-B200,True,training,0,philly
ph-application_1508364558011_1678,730.328,6,1,NVIDIA-B200,False,inference,0,philly
ph-application_1508364558011_1804,731.451,6,1,NVIDIA-B200,False,inference,0,philly
ph-application_1508364558011_1862,731.5843333333333,6,1,NVIDIA-B200,False,inference,0,philly
ph-application_1508364558011_1883,731.7276666666667,6,1,NVIDIA-B200,False,inference,0,philly
ph-application_1508364558011_1934,731.771,6,1,NVIDIA-B200,False,inference,0,philly
ph-application_1508364558011_2207,734.6953333333333,6,1,NVIDIA-B200,False,inference,0,philly
ph-application_1508364558011_2401,734.8426666666667,6,1,NVIDIA-B200,False,inference,0,philly
ph-application_1508364558011_2450,734.951,6,1,NVIDIA-B200,False,inference,0,philly
ph-application_1508364558011_2457,734.9583333333334,6,1,NVIDIA-B200,False,inference,0,philly
ph-application_1508364558011_2553,735.1413333333334,6,1,NVIDIA-B200,True,training,0,philly
ph-application_1508364558011_2579,735.1826666666667,6,1,NVIDIA-B200,False,training,0,philly
ph-application_1508364558011_2624,735.297,8,7,NVIDIA-B200,True,training,0,philly
ph-application_1508364558011_2861,736.5853333333333,6,1,NVIDIA-B200,True,inference,0,philly
ph-application_1508364558011_2918,736.6813333333333,6,1,NVIDIA-B200,False,inference,0,philly
ph-application_1508364558011_2930,736.6913333333333,6,1,NVIDIA-B200,True,inference,0,philly
ph-application_1508364558011_2951,736.807,6,1,NVIDIA-B200,True,inference,0,philly
ph-application_1508364558011_3207,738.958,6,1,NVIDIA-B200,True,training,0,philly
ph-application_1508364558011_3214,738.984,6,1,NVIDIA-B200,False,inference,0,philly
ph-application_1508364558011_3234,739.0166666666667,6,1,NVIDIA-B200,False,inference,0,philly
ph-application_1508364558011_3305,739.068,6,1,NVIDIA-B200,False,inference,0,philly
ph-application_1508364558011_3379,739.228,6,1,NVIDIA-B200,False,inference,0,philly
ph-application_1508364558011_3399,739.252,6,1,NVIDIA-B200,False,inference,0,philly
ph-application_1508364558011_3474,739.4053333333334,6,1,NVIDIA-B200,False,inference,0,philly
ph-application_1508364558011_3756,739.9713333333333,8,1,NVIDIA-B200,False,training,0,philly
ph-application_1508364558011_3899,740.6143333333333,6,1,NVIDIA-B200,False,inference,0,philly
ph-application_1508364558011_3972,740.6646666666667,6,1,NVIDIA-B200,False,inference,0,philly
ph-application_1508364558011_4002,740.8956666666667,6,1,NVIDIA-B200,False,inference,0,philly
ph-application_1508364558011_4073,741.8463333333333,6,1,NVIDIA-B200,False,inference,0,philly
ph-application_1508364558011_4296,741.9543333333334,6,1,NVIDIA-B200,False,training,0,philly
ph-application_1508364558011_4497,744.2066666666667,6,1,NVIDIA-B200,False,inference,0,philly
ph-application_1508364558011_4613,750.6903333333333,6,1,NVIDIA-B200,False,training,0,philly
ph-application_1508364558011_4756,750.7886666666667,6,1,NVIDIA-B200,False,inference,0,philly
ph-application_1508364558011_4781,750.8066666666666,6,1,NVIDIA-B200,False,inference,0,philly
ph-application_1508364558011_4786,750.8093333333334,6,1,NVIDIA-B200,False,inference,0,philly
ph-application_1508364558011_4862,750.8696666666667,6,1,NVIDIA-B200,False,training,0,philly
ph-application_1508364558011_4900,750.8833333333333,6,1,NVIDIA-B200,False,inference,0,philly
ph-application_1508364558011_4957,751.6086666666666,8,6,NVIDIA-B200,True,training,0,philly
ph-application_1508364558011_5058,751.8966666666666,6,1,NVIDIA-B200,False,training,0,philly
ph-application_1508364558011_5137,751.935,6,1,NVIDIA-B200,False,inference,0,philly
ph-application_1508364558011_5157,751.9433333333334,6,1,NVIDIA-B200,False,inference,0,philly
ph-application_1508364558011_5266,752.0333333333333,6,1,NVIDIA-B200,False,training,0,philly
ph-application_1508364558011_5333,752.089,6,1,NVIDIA-B200,True,inference,0,philly
ph-application_1508364558011_5383,752.953,6,1,NVIDIA-B200,False,training,0,philly
ph-application_1508364558011_5530,755.4063333333334,6,1,NVIDIA-B200,False,training,0,philly
ph-application_1508364558011_5717,755.4623333333333,6,1,NVIDIA-B200,False,inference,0,philly
ph-application_1508364558011_5846,755.5243333333333,6,1,NVIDIA-B200,False,inference,0,philly
ph-application_1508364558011_5978,758.44,8,8,NVIDIA-B200,True,training,0,philly
ph-application_1508364558011_6105,764.0066666666667,6,1,NVIDIA-B200,False,inference,0,philly
ph-application_1508364558011_6292,766.349,6,1,NVIDIA-B200,True,inference,0,philly
ph-application_1508364558011_6325,767.1273333333334,6,8,NVIDIA-B200,True,training,0,philly
ph-application_1508364558011_6361,768.7003333333333,6,1,NVIDIA-B200,False,inference,0,philly
ph-application_1508364558011_6478,770.8936666666667,6,1,NVIDIA-B200,False,inference,0,philly
ph-application_1508364558011_6862,773.212,6,1,NVIDIA-B200,False,training,0,philly
ph-application_1508364558011_6917,773.2566666666667,6,1,NVIDIA-B200,True,training,0,philly
ph-application_1508364558011_7039,778.4583333333334,6,1,NVIDIA-B200,False,training,0,philly
ph-application_1508364558011_7084,779.2503333333333,6,1,NVIDIA-B200,False,inference,0,philly
ph-application_1508364558011_7099,780.2066666666667,6,1,NVIDIA-B200,False,inference,0,philly
ph-application_1508364558011_7272,780.2796666666667,6,1,NVIDIA-B200,False,inference,0,philly
ph-application_1508364558011_7463,780.3393333333333,6,1,NVIDIA-B200,False,inference,0,philly
ph-application_1508364558011_7516,782.8283333333334,6.274,1,NVIDIA-B200,True,training,0,philly
ph-application_1508364558011_7567,783.9303333333334,6,1,NVIDIA-B200,False,inference,0,philly
ph-application_1508364558011_7604,783.961,6,1,NVIDIA-B200,False,inference,0,philly
ph-application_1508364558011_7749,785.1513333333334,6,1,NVIDIA-B200,False,inference,0,philly
ph-application_1508364558011_7786,785.1816666666666,6,1,NVIDIA-B200,False,inference,0,philly
ph-application_1508364558011_7973,786.6916666666667,6,1,NVIDIA-B200,False,training,0,philly
ph-application_1508364558011_8134,787.1636666666667,6,1,NVIDIA-B200,False,inference,0,philly
ph-application_1508364558011_8271,787.2053333333333,6,1,NVIDIA-B200,False,inference,0,philly
ph-application_1508364558011_8469,787.5246666666667,6,1,NVIDIA-B200,False,inference,0,philly
ph-application_1508364558011_8517,787.5406666666667,6,1,NVIDIA-B200,False,inference,0,philly
ph-application_1508364558011_8651,787.5906666666667,6,1,NVIDIA-B200,False,inference,0,philly
ph-application_1508364558011_8774,787.6373333333333,6,1,NVIDIA-B200,False,inference,0,philly
ph-application_1508364558011_8786,788.8066666666666,6,1,NVIDIA-B200,False,inference,0,philly
ph-application_1508364558011_8884,791.661,6,1,NVIDIA-B200,False,training,0,philly
ph-application_1508364558011_9018,791.7036666666667,6,1,NVIDIA-B200,False,training,0,philly
ph-application_1508364558011_9304,795.9003333333334,6,1,NVIDIA-B200,False,training,0,philly
ph-application_1508364558011_9349,795.9246666666667,6,1,NVIDIA-B200,False,training,0,philly
ph-application_1508364558011_9453,795.9803333333333,6,1,NVIDIA-B200,False,inference,0,philly
ph-application_1508364558011_9531,796.003,6,1,NVIDIA-B200,False,inference,0,philly
ph-application_1508364558011_9584,796.0176666666666,6,1,NVIDIA-B200,False,inference,0,philly
ph-application_1508364558011_9688,797.405,6,1,NVIDIA-B200,False,training,0,philly
ph-application_1508364558011_9748,797.4226666666667,6,1,NVIDIA-B200,False,training,0,philly
ph-application_1508364558011_9899,797.4653333333333,6,1,NVIDIA-B200,False,inference,0,philly
ph-application_1508364558011_9898,797.4653333333333,6,1,NVIDIA-B200,False,inference,0,philly
ph-application_1508364558011_9994,797.4933333333333,6,1,NVIDIA-B200,False,inference,0,philly
ph-application_1508364558011_10089,797.578,6,1,NVIDIA-B200,False,inference,0,philly
ph-application_1508364558011_10114,797.586,6,1,NVIDIA-B200,False,training,0,philly
ph-application_1508364558011_10192,797.6086666666666,6,1,NVIDIA-B200,False,training,0,philly
ph-application_1508364558011_10229,797.621,6,1,NVIDIA-B200,False,inference,0,philly
ph-application_1508364558011_10254,797.63,6,1,NVIDIA-B200,False,inference,0,philly
ph-application_1508364558011_10421,797.6873333333333,6,1,NVIDIA-B200,False,inference,0,philly
ph-application_1508364558011_10474,797.9606666666666,6,1,NVIDIA-B200,False,inference,0,philly
ph-application_1508364558011_10504,797.9846666666666,6,1,NVIDIA-B200,False,inference,0,philly
ph-application_1508364558011_10628,798.079,6,1,NVIDIA-B200,False,inference,0,philly
ph-application_1508364558011_11050,813.0326666666666,8,8,NVIDIA-B200,True,training,0,philly
ph-application_1508364558011_11383,817.8066666666666,6,1,NVIDIA-B200,False,inference,0,philly
ph-application_1508364558011_11467,820.5723333333333,6,1,NVIDIA-B200,False,inference,0,philly
ph-application_1508364558011_11653,820.7406666666667,6,1,NVIDIA-B200,False,inference,0,philly
ph-application_1508364558011_11688,820.7806666666667,6,1,NVIDIA-B200,False,training,0,philly
ph-application_1508364558011_11825,823.5523333333333,6,1,NVIDIA-B200,False,inference,0,philly
ph-application_1508364558011_12215,824.834,6,1,NVIDIA-B200,False,inference,0,philly
ph-application_1508364558011_12238,824.862,6,1,NVIDIA-B200,False,inference,0,philly
ph-application_1508364558011_12399,826.162,6,1,NVIDIA-B200,False,inference,0,philly
ph-application_1508364558011_12466,826.2166666666667,6,1,NVIDIA-B200,False,inference,0,philly
ph-application_1508364558011_12878,829.6573333333333,7.567,1,NVIDIA-B200,False,training,0,philly
ph-application_1508364558011_12968,833.2296666666666,6,1,NVIDIA-B200,False,training,0,philly
ph-application_1508364558011_12997,833.2503333333333,6,1,NVIDIA-B200,False,training,0,philly
ph-application_1508364558011_13117,837.0066666666667,6,1,NVIDIA-B200,False,inference,0,philly
ph-application_1508364558011_13246,839.25,6,1,NVIDIA-B200,False,training,0,philly
ph-application_1508364558011_13268,839.2813333333334,8,4,NVIDIA-B200,False,training,0,philly
ph-application_1508364558011_13346,842.607,6,1,NVIDIA-B200,False,inference,0,philly
ph-application_1508364558011_13460,846.1743333333334,8,4,NVIDIA-B200,True,training,0,philly
ph-application_1508364558011_13613,848.2373333333334,6,1,NVIDIA-B200,False,inference,0,philly
ph-application_1508364558011_13628,848.2696666666667,6,1,NVIDIA-B200,False,inference,0,philly
ph-application_1508364558011_13900,850.966,8,4,NVIDIA-B200,True,training,0,philly
ph-application_1508364558011_13952,851.4263333333333,6,2,NVIDIA-B200,False,inference,0,philly
ph-application_1508364558011_13990,851.801,6,1,NVIDIA-B200,False,inference,0,philly
ph-application_1508364558011_14119,852.484,6,1,NVIDIA-B200,False,inference,0,philly
ph-application_1508364558011_14122,852.4933333333333,6,1,NVIDIA-B200,False,inference,0,philly
ph-application_1508364558011_14341,854.1096666666666,6,1,NVIDIA-B200,False,training,0,philly
ph-application_1508364558011_14498,856.704,8,4,NVIDIA-B200,True,training,0,philly
ph-application_1508364558011_14620,858.4293333333334,8,1,NVIDIA-B200,True,training,0,philly
ph-application_1508364558011_14969,865.4443333333334,6,1,NVIDIA-B200,False,training,0,philly
ph-application_1508364558011_14972,865.447,6.933666666666666,1,NVIDIA-B200,False,training,0,philly
ph-application_1508364558011_14987,865.4933333333333,6,1,NVIDIA-B200,False,training,0,philly
ph-application_1508364558011_14996,865.518,6,1,NVIDIA-B200,False,training,0,philly
ph-application_1508364558011_15015,865.846,6,1,NVIDIA-B200,True,training,0,philly
ph-application_1508364558011_15263,866.0393333333334,6,1,NVIDIA-B200,False,inference,0,philly
ph-application_1508364558011_15504,871.3933333333333,6,1,NVIDIA-B200,True,inference,0,philly
ph-application_1508364558011_15538,871.682,6,1,NVIDIA-B200,False,inference,0,philly
ph-application_1508364558011_15570,872.495,8,4,NVIDIA-B200,True,training,0,philly
ph-application_1508364558011_15611,874.0086666666666,6,1,NVIDIA-B200,False,inference,0,philly
ph-application_1508364558011_15820,877.4416666666667,8,4,NVIDIA-B200,True,training,0,philly
ph-application_1508364558011_15870,878.501,6,1,NVIDIA-B200,True,training,0,philly
ph-application_1508364558011_15896,879.045,6,1,NVIDIA-B200,False,inference,0,philly
ph-application_1508364558011_16113,882.4866666666667,6,1,NVIDIA-B200,False,inference,0,philly
ph-application_1508364558011_16134,882.5116666666667,6,1,NVIDIA-B200,False,inference,0,philly
ph-application_1508364558011_16219,883.4973333333334,6,4,NVIDIA-B200,False,training,0,philly
ph-application_1508364558011_16304,884.4103333333334,6,1,NVIDIA-B200,False,inference,0,philly
ph-application_1508364558011_16339,884.75,6,1,NVIDIA-B200,False,inference,0,philly
ph-application_1508364558011_16356,884.769,6,1,NVIDIA-B200,False,inference,0,philly
ph-application_1508364558011_16517,886.0676666666667,6,1,NVIDIA-B200,False,inference,0,philly
ph-application_1508364558011_16849,892.496,6,1,NVIDIA-B200,False,training,0,philly
ph-application_1508364558011_17007,898.0356666666667,6,1,NVIDIA-B200,False,inference,0,philly
ph-application_1508364558011_17014,898.562,6,1,NVIDIA-B200,True,training,0,philly
ph-application_1508364558011_17064,900.238,6,1,NVIDIA-B200,False,inference,0,philly
ph-application_1508364558011_17108,900.2953333333334,6,1,NVIDIA-B200,False,inference,0,philly
ph-application_1508364558011_17267,902.195,6,1,NVIDIA-B200,False,inference,0,philly
ph-application_1508364558011_17339,902.9926666666667,6,1,NVIDIA-B200,True,training,0,philly
ph-application_1508364558011_17632,907.9823333333334,6,1,NVIDIA-B200,False,inference,0,philly
ph-application_1508364558011_17655,908.0026666666666,6,1,NVIDIA-B200,False,inference,0,philly
ph-application_1508364558011_17904,912.2353333333333,6,1,NVIDIA-B200,False,inference,0,philly
ph-application_1508364558011_17945,912.5233333333333,6,1,NVIDIA-B200,False,inference,0,philly
ph-application_1508364558011_18258,913.3433333333334,6,1,NVIDIA-B200,False,inference,0,philly
ph-application_1508364558011_18327,913.5196666666667,6,1,NVIDIA-B200,False,inference,0,philly
ph-application_1508364558011_18345,913.5656666666666,6,1,NVIDIA-B200,False,inference,0,philly
ph-application_1508364558011_18419,913.652,6,1,NVIDIA-B200,False,inference,0,philly
ph-application_1508364558011_18482,914.1763333333333,6,4,NVIDIA-B200,False,training,0,philly
ph-application_1508364558011_18486,914.2183333333334,8,1,NVIDIA-B200,False,training,0,philly
ph-application_1508364558011_18540,914.5143333333333,6,1,NVIDIA-B200,False,inference,0,philly
ph-application_1508364558011_18572,914.5996666666666,6,1,NVIDIA-B200,False,inference,0,philly
ph-application_1508364558011_18789,916.027,6,1,NVIDIA-B200,False,inference,0,philly
ph-application_1508364558011_18922,918.7666666666667,8,8,NVIDIA-B200,False,training,0,philly
ph-application_1508364558011_19128,922.2686666666667,6,2,NVIDIA-B200,False,inference,0,philly
ph-application_1508364558011_19382,930.685,6,1,NVIDIA-B200,False,inference,0,philly
ph-application_1508364558011_19441,930.8723333333334,6,1,NVIDIA-B200,False,inference,0,philly
ph-application_1508364558011_19579,933.2563333333334,6,1,NVIDIA-B200,False,inference,0,philly
ph-application_1508364558011_19665,936.925,6,1,NVIDIA-B200,False,training,0,philly
ph-application_1508364558011_19797,938.714,6,1,NVIDIA-B200,False,inference,0,philly
ph-application_1508364558011_20195,941.3003333333334,6,1,NVIDIA-B200,False,inference,0,philly
ph-application_1508364558011_20217,941.3283333333334,6,1,NVIDIA-B200,False,inference,0,philly
ph-application_1508364558011_20330,945.1846666666667,6,1,NVIDIA-B200,False,training,0,philly
ph-application_1508364558011_20432,947.4923333333334,6,1,NVIDIA-B200,False,inference,0,philly
ph-application_1508364558011_20626,952.5143333333333,6,1,NVIDIA-B200,False,training,0,philly
ph-application_1508364558011_20627,952.5153333333334,6,1,NVIDIA-B200,False,training,0,philly
ph-application_1508364558011_20810,957.62,6,1,NVIDIA-B200,False,inference,0,philly
ph-application_1508364558011_21060,962.4123333333333,6,1,NVIDIA-B200,False,inference,0,philly
ph-application_1508364558011_21125,965.39,6,1,NVIDIA-B200,False,inference,0,philly
ph-application_1508364558011_21187,965.9593333333333,6,1,NVIDIA-B200,False,inference,0,philly
ph-application_1508364558011_21457,969.2293333333333,6,1,NVIDIA-B200,False,training,0,philly
ph-application_1508364558011_21507,969.2613333333334,6,1,NVIDIA-B200,False,inference,0,philly
ph-application_1508364558011_21519,969.2703333333334,6,1,NVIDIA-B200,False,training,0,philly
ph-application_1508364558011_21596,971.305,8,1,NVIDIA-B200,False,training,0,philly
ph-application_1508364558011_21771,983.0126666666666,6,1,NVIDIA-B200,False,inference,0,philly
ph-application_1508364558011_21931,989.432,6,1,NVIDIA-B200,False,inference,0,philly
ph-application_1508364558011_21955,991.4123333333333,6,1,NVIDIA-B200,False,inference,0,philly
ph-application_1508364558011_22036,997.9786666666666,8,8,NVIDIA-B200,False,training,0,philly
ph-application_1508364558011_22085,1002.6123333333334,6,1,NVIDIA-B200,False,inference,0,philly
ph-application_1508364558011_22140,1010.5743333333334,6,8,NVIDIA-B200,True,training,0,philly
ph-application_1508364558011_22147,1011.0543333333334,6,2,NVIDIA-B200,False,inference,0,philly
ph-application_1508364558011_22358,1026.1096666666667,6,1,NVIDIA-B200,True,training,0,philly
ph-application_1508364558011_22849,1048.9843333333333,8,8,NVIDIA-B200,True,training,0,philly
ph-application_1508364558011_22938,1053.6623333333334,8,4,NVIDIA-B200,False,training,0,philly
ph-application_1508364558011_22964,1056.1183333333333,6,8,NVIDIA-B200,True,training,0,philly
ph-application_1508364558011_22991,1057.4386666666667,6,1,NVIDIA-B200,True,inference,0,philly
ph-application_1508364558011_23044,1062.812,6,1,NVIDIA-B200,False,inference,0,philly
ph-application_1508364558011_23228,1071.6346666666666,6,1,NVIDIA-B200,False,inference,0,philly
ph-application_1508364558011_23290,1072.8126666666667,6,1,NVIDIA-B200,False,inference,0,philly
ph-application_1508364558011_23343,1075.212,6,1,NVIDIA-B200,True,inference,0,philly
ph-application_1508364558011_23669,1076.1423333333332,8,1,NVIDIA-B200,False,training,0,philly
ph-application_1508364558011_23959,1076.3516666666667,6,1,NVIDIA-B200,False,inference,0,philly
ph-application_1508364558011_24183,1082.2126666666666,6,1,NVIDIA-B200,True,inference,0,philly
ph-application_1508364558011_24291,1086.0643333333333,6,1,NVIDIA-B200,True,inference,0,philly
ph-application_1508364558011_24333,1088.2663333333333,6,1,NVIDIA-B200,True,inference,0,philly
ph-application_1508364558011_24422,1092.864,6,1,NVIDIA-B200,False,inference,0,philly
ph-application_1508364558011_24453,1093.3816666666667,6,1,NVIDIA-B200,False,inference,0,philly
ph-application_1508364558011_24538,1098.6953333333333,6,1,NVIDIA-B200,False,inference,0,philly
ph-application_1508364558011_24584,1100.3753333333334,6,1,NVIDIA-B200,False,inference,0,philly
ph-application_1508364558011_24678,1101.398,6,1,NVIDIA-B200,False,inference,0,philly
ph-application_1508364558011_24780,1102.101,6,1,NVIDIA-B200,False,inference,0,philly
ph-application_1508364558011_24799,1102.1343333333334,6,1,NVIDIA-B200,False,inference,0,philly
ph-application_1508364558011_24836,1102.1933333333334,6,1,NVIDIA-B200,False,inference,0,philly
ph-application_1508364558011_24905,1102.5206666666666,6,1,NVIDIA-B200,False,inference,0,philly
ph-application_1508364558011_24958,1102.6366666666668,6,1,NVIDIA-B200,False,inference,0,philly
ph-application_1508364558011_25002,1102.7126666666666,6,1,NVIDIA-B200,False,inference,0,philly
ph-application_1508364558011_25096,1102.992,6,1,NVIDIA-B200,False,inference,0,philly
ph-application_1508364558011_25153,1103.2076666666667,6,1,NVIDIA-B200,False,inference,0,philly
ph-application_1508364558011_25332,1104.0073333333332,8,1,NVIDIA-B200,False,training,0,philly
ph-application_1508364558011_25382,1104.4966666666667,6,8,NVIDIA-B200,False,training,0,philly
ph-application_1508364558011_25442,1104.6643333333334,6,1,NVIDIA-B200,False,inference,0,philly
ph-application_1508364558011_25518,1104.9096666666667,6,1,NVIDIA-B200,True,inference,0,philly
ph-application_1508364558011_25522,1104.9286666666667,6,1,NVIDIA-B200,False,inference,0,philly
ph-application_1508364558011_25706,1109.0323333333333,6,1,NVIDIA-B200,False,inference,0,philly
ph-application_1508364558011_25739,1110.2033333333334,6,1,NVIDIA-B200,False,inference,0,philly
ph-application_1508364558011_25971,1117.174,6,2,NVIDIA-B200,False,inference,0,philly
ph-application_1508364558011_26098,1124.0123333333333,6,1,NVIDIA-B200,False,inference,0,philly
ph-application_1508364558011_26158,1125.7613333333334,6,1,NVIDIA-B200,False,inference,0,philly
ph-application_1508364558011_26356,1128.8916666666667,6,1,NVIDIA-B200,False,training,0,philly
ph-application_1508364558011_26380,1128.9666666666667,6,1,NVIDIA-B200,False,inference,0,philly
ph-application_1508364558011_26396,1129.0423333333333,6,1,NVIDIA-B200,True,inference,0,philly
ph-application_1508364558011_26728,1141.2386666666666,6,4,NVIDIA-B200,False,training,0,philly
ph-application_1508364558011_26775,1142.6486666666667,8,2,NVIDIA-B200,True,training,0,philly
ph-application_1508364558011_26845,1144.394,6,1,NVIDIA-B200,False,inference,0,philly
ph-application_1508364558011_26852,1144.8123333333333,6,1,NVIDIA-B200,False,training,0,philly
ph-application_1508364558011_27051,1151.4543333333334,8,8,NVIDIA-B200,True,training,0,philly
ph-application_1508364558011_27175,1156.21,8,4,NVIDIA-B200,True,training,0,philly
ph-application_1508364558011_27177,1156.256,6,1,NVIDIA-B200,False,inference,0,philly
ph-application_1508364558011_27192,1156.8443333333332,8,1,NVIDIA-B200,False,training,0,philly
ph-application_1508364558011_27346,1159.7146666666667,6,1,NVIDIA-B200,False,inference,0,philly
ph-application_1508364558011_27522,1170.6123333333333,6,1,NVIDIA-B200,False,inference,0,philly
ph-application_1508364558011_27533,1171.612,6,1,NVIDIA-B200,False,inference,0,philly
ph-application_1508364558011_27760,1186.412,6,1,NVIDIA-B200,False,inference,0,philly
ph-application_1508364558011_27799,1189.8216666666667,8,8,NVIDIA-B200,True,training,0,philly
ph-application_1508364558011_27860,1194.5003333333334,6,8,NVIDIA-B200,False,training,0,philly
ph-application_1508364558011_27934,1200.0266666666666,6,2,NVIDIA-B200,False,inference,0,philly
ph-application_1508364558011_28153,1220.4123333333334,6,1,NVIDIA-B200,False,inference,0,philly
ph-application_1508364558011_28156,1220.8316666666667,6,1,NVIDIA-B200,True,inference,0,philly
ph-application_1508364558011_28237,1225.3876666666667,6,1,NVIDIA-B200,True,inference,0,philly
ph-application_1508364558011_28394,1232.6,8,1,NVIDIA-B200,False,training,0,philly
ph-application_1508364558011_28419,1233.692,8,8,NVIDIA-B200,False,training,0,philly
ph-application_1508364558011_28464,1237.0123333333333,6,1,NVIDIA-B200,False,inference,0,philly
ph-application_1508364558011_28588,1243.6123333333333,6,1,NVIDIA-B200,False,inference,0,philly
ph-application_1508364558011_28828,1252.1313333333333,6,4,NVIDIA-B200,False,training,0,philly
ph-application_1508364558011_28993,1259.2123333333334,6,1,NVIDIA-B200,False,inference,0,philly
ph-application_1508364558011_29037,1260.56,6,1,NVIDIA-B200,False,inference,0,philly
ph-application_1508364558011_29067,1260.748,8,1,NVIDIA-B200,False,training,0,philly
ph-application_1508364558011_29092,1260.8286666666668,8,1,NVIDIA-B200,False,training,0,philly
ph-application_1508364558011_29094,1260.8313333333333,7.342,1,NVIDIA-B200,False,training,0,philly
ph-application_1508364558011_29117,1260.9033333333334,8,1,NVIDIA-B200,False,training,0,philly
ph-application_1508364558011_29163,1261.384,6,1,NVIDIA-B200,False,training,0,philly
ph-application_1508364558011_29269,1266.7976666666666,6,1,NVIDIA-B200,True,inference,0,philly
ph-application_1508364558011_29381,1273.0483333333334,6,4,NVIDIA-B200,False,training,0,philly
ph-application_1508364558011_29440,1274.529,6,1,NVIDIA-B200,False,training,0,philly
ph-application_1508364558011_29500,1276.261,6,1,NVIDIA-B200,False,inference,0,philly
ph-application_1508364558011_29527,1276.3913333333333,6,1,NVIDIA-B200,False,training,0,philly
ph-application_1508364558011_29649,1277.1736666666666,6,1,NVIDIA-B200,False,inference,0,philly
ph-application_1508364558011_29666,1277.5763333333334,8,1,NVIDIA-B200,False,training,0,philly
ph-application_1508364558011_29679,1277.9466666666667,6,1,NVIDIA-B200,False,inference,0,philly
ph-application_1508364558011_29775,1278.6563333333334,6,1,NVIDIA-B200,False,inference,0,philly
ph-application_1508364558011_29786,1278.7096666666666,6,1,NVIDIA-B200,False,training,0,philly
ph-application_1508364558011_29829,1278.8483333333334,6,1,NVIDIA-B200,False,inference,0,philly
ph-application_1508364558011_29867,1278.9633333333334,6,1,NVIDIA-B200,False,inference,0,philly
ph-application_1508364558011_29894,1279.0286666666666,6,1,NVIDIA-B200,False,inference,0,philly
ph-application_1508364558011_29938,1279.1546666666666,6,1,NVIDIA-B200,False,inference,0,philly
ph-application_1508364558011_30100,1281.487,6,1,NVIDIA-B200,False,training,0,philly
ph-application_1508364558011_30138,1282.315,6,1,NVIDIA-B200,True,training,0,philly
ph-application_1508364558011_30146,1282.417,8,4,NVIDIA-B200,True,training,0,philly
ph-application_1508364558011_30151,1282.44,6,1,NVIDIA-B200,False,training,0,philly
ph-application_1508364558011_30190,1283.7236666666668,8,4,NVIDIA-B200,True,training,0,philly
ph-application_1508364558011_30227,1284.6543333333334,6,8,NVIDIA-B200,False,training,0,philly
ph-application_1508364558011_30298,1287.3406666666667,8,8,NVIDIA-B200,True,training,0,philly
ph-application_1508364558011_30595,1296.7516666666668,6,1,NVIDIA-B200,True,training,0,philly
ph-application_1508364558011_30856,1299.3643333333334,6,1,NVIDIA-B200,False,inference,0,philly
ph-application_1508364558011_30946,1300.791,8,4,NVIDIA-B200,True,training,0,philly
ph-application_1508364558011_31023,1301.029,6,1,NVIDIA-B200,False,inference,0,philly
ph-application_1508364558011_31056,1301.0773333333334,6,1,NVIDIA-B200,False,inference,0,philly
ph-application_1508364558011_31149,1301.224,6,1,NVIDIA-B200,False,inference,0,philly
ph-application_1508364558011_31224,1301.3156666666666,6,1,NVIDIA-B200,False,inference,0,philly
ph-application_1508364558011_31775,1318.412,6,1,NVIDIA-B200,False,inference,0,philly
ph-application_1508364558011_31810,1319.82,6,1,NVIDIA-B200,False,training,0,philly
ph-application_1508364558011_32192,1325.334,6,1,NVIDIA-B200,True,training,0,philly
ph-application_1508364558011_32321,1326.9366666666667,6,1,NVIDIA-B200,False,inference,0,philly
ph-application_1508364558011_32524,1328.9336666666666,6,1,NVIDIA-B200,False,inference,0,philly
ph-application_1508364558011_32626,1330.7063333333333,6,1,NVIDIA-B200,False,inference,0,philly
ph-application_1508364558011_32628,1330.749,8,1,NVIDIA-B200,False,training,0,philly
ph-application_1508364558011_32754,1334.8123333333333,6,1,NVIDIA-B200,False,inference,0,philly
ph-application_1508364558011_32776,1335.3036666666667,6,8,NVIDIA-B200,False,training,0,philly
ph-application_1508364558011_32797,1335.812,6,1,NVIDIA-B200,False,inference,0,philly
ph-application_1508364558011_32918,1339.329,6,8,NVIDIA-B200,True,training,0,philly
ph-application_1508364558011_32981,1339.4556666666667,6,1,NVIDIA-B200,True,training,0,philly
ph-application_1508364558011_33020,1339.4636666666668,6,1,NVIDIA-B200,True,training,0,philly
ph-application_1508364558011_33026,1339.4656666666667,6,1,NVIDIA-B200,True,training,0,philly
ph-application_1508364558011_33101,1339.4813333333334,6,1,NVIDIA-B200,True,training,0,philly
ph-application_1508364558011_33132,1339.485,6,1,NVIDIA-B200,True,training,0,philly
ph-application_1508364558011_33180,1339.4976666666666,6,1,NVIDIA-B200,True,training,0,philly
ph-application_1508364558011_33404,1343.5953333333334,6,1,NVIDIA-B200,True,training,0,philly
ph-application_1508364558011_33774,1348.432,6,1,NVIDIA-B200,False,inference,0,philly
ph-application_1508364558011_33799,1348.4753333333333,6,1,NVIDIA-B200,False,training,0,philly
ph-application_1508364558011_33823,1348.517,6,1,NVIDIA-B200,False,inference,0,philly
ph-application_1508364558011_34322,1350.055,7.655,1,NVIDIA-B200,False,training,0,philly
ph-application_1508364558011_34616,1350.3336666666667,6,1,NVIDIA-B200,False,inference,0,philly
ph-application_1508364558011_34677,1350.349,6,1,NVIDIA-B200,False,training,0,philly
ph-application_1508364558011_35065,1352.339,6,1,NVIDIA-B200,False,training,0,philly
ph-application_1508364558011_35074,1352.341,6,1,NVIDIA-B200,False,inference,0,philly
ph-application_1508364558011_35090,1352.3513333333333,6,1,NVIDIA-B200,False,training,0,philly
ph-application_1508364558011_35120,1352.3523333333333,6,1,NVIDIA-B200,False,inference,0,philly
ph-application_1508364558011_35190,1353.212,6,1,NVIDIA-B200,False,inference,0,philly
ph-application_1508364558011_35377,1355.994,6,1,NVIDIA-B200,True,training,0,philly
ph-application_1508364558011_35450,1356.0123333333333,6,1,NVIDIA-B200,False,inference,0,philly
ph-application_1508364558011_35744,1356.0833333333333,6,1,NVIDIA-B200,True,training,0,philly
ph-application_1508364558011_35826,1356.1096666666667,6,1,NVIDIA-B200,False,inference,0,philly
ph-application_1508364558011_35832,1356.4083333333333,6,4,NVIDIA-B200,False,training,0,philly
ph-application_1508364558011_36073,1361.4536666666668,6,1,NVIDIA-B200,False,training,0,philly
ph-application_1508364558011_36140,1363.212,6,1,NVIDIA-B200,False,inference,0,philly
ph-application_1508364558011_36506,1370.812,6,1,NVIDIA-B200,False,inference,0,philly
ph-application_1508364558011_36588,1372.91,6,1,NVIDIA-B200,False,inference,0,philly
ph-application_1508364558011_36634,1374.8303333333333,6,1,NVIDIA-B200,False,inference,0,philly
ph-application_1508364558011_36657,1375.5613333333333,6,8,NVIDIA-B200,False,training,0,philly
ph-application_1508364558011_36686,1377.1246666666666,6,8,NVIDIA-B200,False,training,0,philly
ph-application_1508364558011_36725,1378.8123333333333,6,1,NVIDIA-B200,False,inference,0,philly
ph-application_1508364558011_36773,1381.748,6,4,NVIDIA-B200,False,training,0,philly
ph-application_1508364558011_36901,1387.4753333333333,6,4,NVIDIA-B200,True,training,0,philly
ph-application_1508364558011_36929,1388.8123333333333,6,1,NVIDIA-B200,False,inference,0,philly
ph-application_1508364558011_37072,1396.122,8,1,NVIDIA-B200,False,training,0,philly
ph-application_1508364558011_37159,1398.5356666666667,6,4,NVIDIA-B200,False,training,0,philly
ph-application_1508364558011_37282,1400.494,6,1,NVIDIA-B200,False,training,0,philly
ph-application_1508364558011_37444,1400.766,6,1,NVIDIA-B200,False,inference,0,philly
ph-application_1508364558011_37460,1400.7943333333333,6,1,NVIDIA-B200,False,inference,0,philly
ph-application_1508364558011_37538,1400.9173333333333,6,1,NVIDIA-B200,False,inference,0,philly
ph-application_1508364558011_37550,1400.9403333333332,6,1,NVIDIA-B200,False,inference,0,philly
ph-application_1508364558011_37551,1400.9413333333334,6,1,NVIDIA-B200,False,inference,0,philly
ph-application_1508364558011_37938,1412.812,6,1,NVIDIA-B200,False,inference,0,philly
ph-application_1508364558011_37988,1415.9533333333334,6,8,NVIDIA-B200,False,training,0,philly
ph-application_1508364558011_38015,1416.8123333333333,6,1,NVIDIA-B200,False,inference,0,philly
ph-application_1508364558011_38061,1421.696,6,4,NVIDIA-B200,False,training,0,philly
ph-application_1508364558011_38077,1422.8736666666666,6,8,NVIDIA-B200,False,training,0,philly
ph-application_1508364558011_38092,1425.2126666666666,6,1,NVIDIA-B200,False,inference,0,philly
ph-application_1508364558011_38105,1425.754,6,1,NVIDIA-B200,False,inference,0,philly
ph-application_1508364558011_38166,1425.9126666666666,6,1,NVIDIA-B200,True,training,0,philly
ph-application_1508364558011_38326,1425.953,6,1,NVIDIA-B200,True,training,0,philly
ph-application_1508364558011_38489,1425.9886666666666,6,1,NVIDIA-B200,False,inference,0,philly
ph-application_1508364558011_38605,1426.0156666666667,6,1,NVIDIA-B200,True,training,0,philly
ph-application_1508364558011_38618,1426.021,6,1,NVIDIA-B200,True,training,0,philly
ph-application_1508364558011_38655,1426.0323333333333,6,1,NVIDIA-B200,True,training,0,philly
ph-application_1508364558011_39397,1427.6073333333334,6,1,NVIDIA-B200,False,inference,0,philly
ph-application_1508364558011_39756,1430.0453333333332,6,1,NVIDIA-B200,False,inference,0,philly
ph-application_1508364558011_39822,1430.1556666666668,6,1,NVIDIA-B200,False,inference,0,philly
ph-application_1508364558011_39841,1430.1903333333332,6,1,NVIDIA-B200,False,inference,0,philly
ph-application_1508364558011_39955,1430.4163333333333,6,1,NVIDIA-B200,False,inference,0,philly
ph-application_1508364558011_40140,1430.7383333333332,6,1,NVIDIA-B200,False,inference,0,philly
ph-application_1508364558011_40178,1430.7983333333334,6,1,NVIDIA-B200,False,inference,0,philly
ph-application_1508364558011_40230,1431.6123333333333,6,1,NVIDIA-B200,False,inference,0,philly
ph-application_1508364558011_40246,1431.7163333333333,6,1,NVIDIA-B200,False,training,0,philly
ph-application_1508364558011_40341,1432.6353333333334,6,1,NVIDIA-B200,False,inference,0,philly
ph-application_1508364558011_40564,1433.3933333333334,6.404,1,NVIDIA-B200,False,training,0,philly
ph-application_1508364558011_40629,1435.7743333333333,6,4,NVIDIA-B200,True,training,0,philly
ph-application_1508364558011_40775,1443.2123333333334,6,1,NVIDIA-B200,False,inference,0,philly
ph-application_1508364558011_41113,1449.6126666666667,6,1,NVIDIA-B200,False,inference,0,philly
ph-application_1508364558011_41159,1449.8296666666668,6,1,NVIDIA-B200,True,training,0,philly
ph-application_1508364558011_41184,1449.836,6,1,NVIDIA-B200,True,training,0,philly
ph-application_1508364558011_41221,1449.843,6,1,NVIDIA-B200,True,training,0,philly
ph-application_1508364558011_41233,1449.8473333333334,6,1,NVIDIA-B200,True,training,0,philly
ph-application_1508364558011_41276,1449.857,6,1,NVIDIA-B200,True,training,0,philly
ph-application_1508364558011_41353,1449.8713333333333,6,1,NVIDIA-B200,True,training,0,philly
ph-application_1508364558011_41369,1449.8763333333334,6,1,NVIDIA-B200,True,training,0,philly
ph-application_1508364558011_41381,1449.8973333333333,6,1,NVIDIA-B200,True,training,0,philly
ph-application_1508364558011_41412,1450.8123333333333,6,1,NVIDIA-B200,False,inference,0,philly
ph-application_1508364558011_41525,1455.184,6,4,NVIDIA-B200,False,training,0,philly
ph-application_1508364558011_41586,1457.2543333333333,6,1,NVIDIA-B200,False,inference,0,philly
ph-application_1508364558011_41733,1461.612,6,1,NVIDIA-B200,False,inference,0,philly
ph-application_1508364558011_41782,1463.0856666666666,6,2,NVIDIA-B200,False,inference,0,philly
ph-application_1508364558011_41861,1464.2546666666667,6,1,NVIDIA-B200,False,inference,0,philly
ph-application_1508364558011_41863,1464.257,6,1,NVIDIA-B200,False,inference,0,philly
ph-application_1508364558011_41864,1464.258,6,1,NVIDIA-B200,False,inference,0,philly
ph-application_1508364558011_42234,1476.8916666666667,6,1,NVIDIA-B200,False,inference,0,philly
ph-application_1508364558011_42247,1477.123,6,1,NVIDIA-B200,False,inference,0,philly
ph-application_1508364558011_42470,1483.6953333333333,8,8,NVIDIA-B200,True,training,0,philly
ph-application_1508364558011_42475,1483.7996666666666,6,1,NVIDIA-B200,False,training,0,philly
ph-application_1508364558011_42497,1484.8126666666667,6,1,NVIDIA-B200,False,inference,0,philly
ph-application_1508364558011_42754,1488.664,6,1,NVIDIA-B200,False,inference,0,philly
ph-application_1508364558011_42766,1488.6953333333333,6,1,NVIDIA-B200,False,inference,0,philly
ph-application_1508364558011_42930,1492.036,6,1,NVIDIA-B200,False,inference,0,philly
ph-application_1508364558011_43199,1502.681,6,2,NVIDIA-B200,False,inference,0,philly
ph-application_1508364558011_43218,1503.2126666666666,6,1,NVIDIA-B200,False,inference,0,philly
ph-application_1508364558011_43426,1509.279,6,1,NVIDIA-B200,False,inference,0,philly
ph-application_1508364558011_43827,1513.059,6,1,NVIDIA-B200,False,inference,0,philly
ph-application_1508364558011_43856,1513.1073333333334,6,1,NVIDIA-B200,False,inference,0,philly
ph-application_1508364558011_43878,1513.1446666666666,6,1,NVIDIA-B200,False,inference,0,philly
ph-application_1508364558011_43911,1513.2093333333332,6,1,NVIDIA-B200,False,inference,0,philly
ph-application_1508364558011_43925,1513.2303333333334,6,1,NVIDIA-B200,False,inference,0,philly
ph-application_1508364558011_43988,1513.3516666666667,6,1,NVIDIA-B200,False,inference,0,philly
ph-application_1508364558011_44011,1513.8123333333333,6,1,NVIDIA-B200,False,inference,0,philly
ph-application_1508364558011_44045,1515.5223333333333,6,1,NVIDIA-B200,False,inference,0,philly
ph-application_1508364558011_44046,1515.5293333333334,6,1,NVIDIA-B200,False,inference,0,philly
ph-application_1508364558011_44169,1516.6826666666666,6,1,NVIDIA-B200,False,inference,0,philly
ph-application_1508364558011_44642,1518.1143333333334,6,1,NVIDIA-B200,False,inference,0,philly
ph-application_1508364558011_44933,1519.222,6,1,NVIDIA-B200,False,inference,0,philly
ph-application_1508364558011_44981,1519.2903333333334,6,1,NVIDIA-B200,False,inference,0,philly
ph-application_1508364558011_45036,1519.3813333333333,8,1,NVIDIA-B200,False,training,0,philly
ph-application_1508364558011_45341,1519.9483333333333,6,1,NVIDIA-B200,False,inference,0,philly
ph-application_1508364558011_45502,1521.5136666666667,6,1,NVIDIA-B200,False,inference,0,philly
ph-application_1508364558011_45540,1521.635,6,1,NVIDIA-B200,False,inference,0,philly
ph-application_1508364558011_45579,1521.781,6,1,NVIDIA-B200,False,training,0,philly
ph-application_1508364558011_45623,1521.8883333333333,6,1,NVIDIA-B200,False,training,0,philly
ph-application_1508364558011_46054,1536.1606666666667,6,1,NVIDIA-B200,False,training,0,philly
ph-application_1508364558011_46556,1544.8193333333334,6,1,NVIDIA-B200,False,inference,0,philly
ph-application_1508364558011_46597,1545.795,6,8,NVIDIA-B200,False,training,0,philly
ph-application_1508364558011_46849,1551.2126666666666,6,1,NVIDIA-B200,False,inference,0,philly
ph-application_1508364558011_46893,1552.7156666666667,6,8,NVIDIA-B200,False,training,0,philly
ph-application_1508364558011_46995,1556.0126666666667,6,1,NVIDIA-B200,False,inference,0,philly
ph-application_1508364558011_47038,1557.412,6,1,NVIDIA-B200,False,inference,0,philly
ph-application_1508364558011_47125,1559.5126666666667,6,1,NVIDIA-B200,False,inference,0,philly
ph-application_1508364558011_47134,1559.701,8,1,NVIDIA-B200,False,training,0,philly
ph-application_1508364558011_47391,1565.4663333333333,8,1,NVIDIA-B200,True,training,0,philly
ph-application_1508364558011_47429,1565.9866666666667,8,8,NVIDIA-B200,False,training,0,philly
ph-application_1508364558011_47822,1588.865,8,4,NVIDIA-B200,True,training,0,philly
ph-application_1508364558011_47847,1591.0123333333333,6,1,NVIDIA-B200,False,inference,0,philly
ph-application_1508364558011_48028,1615.8116666666667,6,8,NVIDIA-B200,False,training,0,philly
ph-application_1508364558011_48123,1627.4043333333334,8,8,NVIDIA-B200,True,training,0,philly
ph-application_1508364558011_48253,1634.2306666666666,6,1,NVIDIA-B200,False,inference,0,philly
ph-application_1508364558011_48372,1642.0123333333333,6,1,NVIDIA-B200,False,inference,0,philly
ph-application_1508364558011_48545,1646.2263333333333,6,1,NVIDIA-B200,False,training,0,philly
ph-application_1508364558011_48861,1652.791,6,8,NVIDIA-B200,True,training,0,philly
ph-application_1508364558011_48980,1655.367,8,8,NVIDIA-B200,True,training,0,philly
ph-application_1508364558011_49048,1656.661,6,1,NVIDIA-B200,True,inference,0,philly
ph-application_1508364558011_49099,1657.2206666666666,6,4,NVIDIA-B200,False,training,0,philly
ph-application_1508364558011_49198,1659.8126666666667,6,1,NVIDIA-B200,False,inference,0,philly
ph-application_1508364558011_49369,1665.0043333333333,6,8,NVIDIA-B200,False,training,0,philly
ph-application_1508364558011_49425,1667.019,6,1,NVIDIA-B200,False,inference,0,philly
ph-application_1508364558011_49452,1669.7866666666666,6,1,NVIDIA-B200,False,training,0,philly
ph-application_1508364558011_49606,1676.739,6,1,NVIDIA-B200,False,inference,0,philly
ph-application_1508364558011_49963,1683.302,6,1,NVIDIA-B200,False,training,0,philly
ph-application_1508364558011_50121,1688.4123333333334,6,1,NVIDIA-B200,False,inference,0,philly
ph-application_1508364558011_50636,1699.5156666666667,6,1,NVIDIA-B200,False,training,0,philly
ph-application_1508364558011_50769,1699.8123333333333,6,1,NVIDIA-B200,False,inference,0,philly
ph-application_1508364558011_50785,1699.8496666666667,6,1,NVIDIA-B200,False,training,0,philly
ph-application_1508364558011_50870,1700.0656666666666,6,1,NVIDIA-B200,False,training,0,philly
ph-application_1508364558011_50924,1700.2,6,1,NVIDIA-B200,True,training,0,philly
ph-application_1508364558011_50978,1700.3123333333333,6,1,NVIDIA-B200,False,training,0,philly
ph-application_1508364558011_51066,1700.492,6,1,NVIDIA-B200,False,training,0,philly
ph-application_1508364558011_51090,1700.546,6,1,NVIDIA-B200,False,training,0,philly
ph-application_1508364558011_51138,1700.6396666666667,6,1,NVIDIA-B200,False,training,0,philly
ph-application_1508364558011_51240,1701.4476666666667,6,1,NVIDIA-B200,True,training,0,philly
ph-application_1508364558011_51481,1704.3183333333334,6,1,NVIDIA-B200,False,training,0,philly
ph-application_1508364558011_51567,1704.5476666666666,6,1,NVIDIA-B200,False,training,0,philly
ph-application_1508364558011_51622,1704.7116666666666,6,1,NVIDIA-B200,False,training,0,philly
ph-application_1508364558011_51781,1708.6873333333333,8,1,NVIDIA-B200,False,training,0,philly
ph-application_1508364558011_51909,1711.55,8,1,NVIDIA-B200,True,training,0,philly
ph-application_1508364558011_51935,1712.137,6,1,NVIDIA-B200,False,training,0,philly
ph-application_1508364558011_51971,1713.5353333333333,6,8,NVIDIA-B200,False,training,0,philly
ph-application_1508364558011_52024,1714.764,7.09,1,NVIDIA-B200,False,training,0,philly
ph-application_1508364558011_52292,1718.508,6,1,NVIDIA-B200,False,training,0,philly
ph-application_1508364558011_52329,1719.0583333333334,6,1,NVIDIA-B200,False,training,0,philly
ph-application_1508364558011_52401,1720.7876666666666,6,1,NVIDIA-B200,False,training,0,philly
ph-application_1508364558011_52758,1738.5903333333333,6,1,NVIDIA-B200,False,training,0,philly
ph-application_1508364558011_52991,1747.759,6,1,NVIDIA-B200,False,training,0,philly
ph-application_1508364558011_53099,1752.7336666666667,6,1,NVIDIA-B200,False,training,0,philly
ph-application_1511528684064_0088,1765.0143333333333,6,1,NVIDIA-B200,False,inference,0,philly
ph-application_1511528684064_0283,1783.0136666666667,6,1,NVIDIA-B200,False,inference,0,philly
ph-application_1511528684064_0401,1797.2526666666668,6,1,NVIDIA-B200,False,training,0,philly
ph-application_1511528684064_0404,1797.4133333333334,6,1,NVIDIA-B200,False,inference,0,philly
ph-application_1511528684064_0478,1805.506,6,2,NVIDIA-B200,False,inference,0,philly
ph-application_1511528684064_0691,1829.0236666666667,6,1,NVIDIA-B200,False,training,0,philly
ph-application_1511528684064_0729,1830.6363333333334,6,1,NVIDIA-B200,True,inference,0,philly
ph-application_1511528684064_0744,1831.4563333333333,8,1,NVIDIA-B200,False,training,0,philly
ph-application_1511528684064_1140,1851.2966666666666,8,1,NVIDIA-B200,False,training,0,philly
ph-application_1511528684064_1271,1855.8776666666668,8,1,NVIDIA-B200,False,training,0,philly
ph-application_1511528684064_1426,1862.965,6,1,NVIDIA-B200,False,inference,0,philly
ph-application_1511528684064_1469,1865.7173333333333,6,8,NVIDIA-B200,False,training,0,philly
ph-application_1511528684064_1497,1866.8136666666667,6,1,NVIDIA-B200,False,inference,0,philly
ph-application_1511528684064_1579,1871.4963333333333,6,1,NVIDIA-B200,False,training,0,philly
ph-application_1511528684064_1725,1874.8216666666667,6,1,NVIDIA-B200,False,training,0,philly
ph-application_1511528684064_1806,1876.0176666666666,6,1,NVIDIA-B200,False,training,0,philly
ph-application_1511528684064_2221,1878.3506666666667,6,1,NVIDIA-B200,False,training,0,philly
ph-application_1511528684064_2320,1878.94,6,1,NVIDIA-B200,False,training,0,philly
ph-application_1511528684064_2336,1878.993,6,1,NVIDIA-B200,False,training,0,philly
ph-application_1511528684064_2554,1880.8796666666667,6,1,NVIDIA-B200,False,training,0,philly
ph-application_1511528684064_2575,1880.9423333333334,6,1,NVIDIA-B200,False,training,0,philly
ph-application_1511528684064_2699,1881.341,6,1,NVIDIA-B200,False,training,0,philly
ph-application_1511528684064_2717,1881.8606666666667,6,1,NVIDIA-B200,False,training,0,philly
ph-application_1511528684064_2748,1882.0846666666666,6,1,NVIDIA-B200,False,training,0,philly
ph-application_1511916184019_0073,1885.8993333333333,6,8,NVIDIA-B200,False,training,0,philly
ph-application_1511916184019_0077,1885.9756666666667,6,8,NVIDIA-B200,False,training,0,philly
ph-application_1511916184019_0080,1886.0586666666666,6,1,NVIDIA-B200,False,inference,0,philly
ph-application_1511916184019_0109,1886.9153333333334,6,8,NVIDIA-B200,False,training,0,philly
ph-application_1511916184019_0299,1893.583,8,8,NVIDIA-B200,False,training,0,philly
ph-application_1511916184019_0749,1915.734,6,4,NVIDIA-B200,False,training,0,philly
ph-application_1511916184019_0820,1919.181,6,1,NVIDIA-B200,False,training,0,philly
ph-application_1511916184019_0937,1922.7076666666667,6,4,NVIDIA-B200,False,training,0,philly
ph-application_1511916184019_1409,1944.4926666666668,6,1,NVIDIA-B200,False,inference,0,philly
ph-application_1511916184019_1687,1949.9173333333333,6,1,NVIDIA-B200,False,inference,0,philly
ph-application_1511916184019_1694,1949.951,6,1,NVIDIA-B200,False,inference,0,philly
ph-application_1511916184019_2124,1970.012,6,1,NVIDIA-B200,False,inference,0,philly
ph-application_1511916184019_2242,1972.4156666666668,6,1,NVIDIA-B200,False,training,0,philly
ph-application_1511916184019_2246,1972.677,6,1,NVIDIA-B200,False,training,0,philly
ph-application_1511916184019_2289,1977.5496666666666,8,1,NVIDIA-B200,False,training,0,philly
ph-application_1511916184019_2311,1978.846,8,1,NVIDIA-B200,False,training,0,philly
ph-application_1511916184019_2485,1986.866,6,1,NVIDIA-B200,False,training,0,philly
ph-application_1511916184019_3041,2033.077,6,1,NVIDIA-B200,False,training,0,philly
ph-application_1511916184019_3398,2042.9483333333333,6,4,NVIDIA-B200,False,training,0,philly
ph-application_1511916184019_3514,2045.52,6,4,NVIDIA-B200,False,training,0,philly
ph-application_1511916184019_3522,2046.0723333333333,6,1,NVIDIA-B200,False,inference,0,philly
ph-application_1511916184019_3818,2057.8753333333334,6,1,NVIDIA-B200,False,inference,0,philly
ph-application_1512440382012_0011,2059.3213333333333,6,2,NVIDIA-B200,False,inference,0,philly
ph-application_1512440382012_0343,2066.894333333333,6,1,NVIDIA-B200,True,inference,0,philly
ph-application_1512440382012_0425,2070.262333333333,8,1,NVIDIA-B200,False,training,0,philly
ph-application_1512440382012_0681,2079.195,6,1,NVIDIA-B200,False,training,0,philly
ph-application_1512440382012_0684,2079.233,8,1,NVIDIA-B200,False,training,0,philly
ph-application_1512440382012_1118,2092.730666666667,6,1,NVIDIA-B200,False,inference,0,philly
ph-application_1512440382012_1192,2094.965,6,1,NVIDIA-B200,False,inference,0,philly
ph-application_1512440382012_1260,2097.9966666666664,8,1,NVIDIA-B200,False,training,0,philly
ph-application_1512440382012_1310,2100.612666666667,6,1,NVIDIA-B200,False,inference,0,philly
ph-application_1512440382012_1342,2102.012,6,1,NVIDIA-B200,False,inference,0,philly
ph-application_1512440382012_1352,2102.6426666666666,6,2,NVIDIA-B200,False,inference,0,philly
ph-application_1512440382012_1438,2107.213333333333,6,1,NVIDIA-B200,False,training,0,philly
ph-application_1512440382012_1632,2115.6853333333333,6,4,NVIDIA-B200,True,training,0,philly
ph-application_1512440382012_1750,2118.908,6,1,NVIDIA-B200,False,inference,0,philly
ph-application_1512440382012_1798,2119.249,6,1,NVIDIA-B200,False,inference,0,philly
ph-application_1512440382012_1839,2120.983333333333,6,1,NVIDIA-B200,False,training,0,philly
ph-application_1512440382012_1842,2120.9883333333332,6,1,NVIDIA-B200,False,training,0,philly
ph-application_1512440382012_1984,2122.724,6,1,NVIDIA-B200,False,training,0,philly
ph-application_1512440382012_2065,2126.4126666666666,6,1,NVIDIA-B200,False,inference,0,philly
ph-application_1512440382012_2197,2129.212666666667,8,8,NVIDIA-B200,False,training,0,philly
ph-application_1512440382012_2274,2129.8023333333335,6,1,NVIDIA-B200,False,training,0,philly
ph-application_1512440382012_2407,2133.6203333333333,6,1,NVIDIA-B200,False,inference,0,philly
ph-application_1512440382012_2416,2134.072,6,1,NVIDIA-B200,False,inference,0,philly
ph-application_1512440382012_2419,2134.254,6,8,NVIDIA-B200,False,training,0,philly
ph-application_1512440382012_2484,2136.5146666666665,6,1,NVIDIA-B200,False,inference,0,philly
ph-application_1512440382012_2616,2141.2236666666668,8,1,NVIDIA-B200,False,training,0,philly
ph-application_1512440382012_2787,2146.288666666667,6,1,NVIDIA-B200,False,inference,0,philly
ph-application_1512440382012_2861,2146.5113333333334,6,1,NVIDIA-B200,False,inference,0,philly
ph-application_1512440382012_2881,2146.542,6,1,NVIDIA-B200,False,inference,0,philly
ph-application_1512440382012_2888,2146.5606666666667,6,1,NVIDIA-B200,False,inference,0,philly
ph-application_1512440382012_2926,2146.6343333333334,6,1,NVIDIA-B200,False,inference,0,philly
ph-application_1512440382012_2985,2146.7503333333334,6,1,NVIDIA-B200,True,training,0,philly
ph-application_1512440382012_3018,2146.8386666666665,6,1,NVIDIA-B200,False,training,0,philly
ph-application_1512440382012_3235,2147.7586666666666,6,1,NVIDIA-B200,False,inference,0,philly
ph-application_1512440382012_3383,2148.115,8,4,NVIDIA-B200,True,training,0,philly
ph-application_1512440382012_3445,2148.2353333333335,8,4,NVIDIA-B200,True,training,0,philly
ph-application_1512440382012_3491,2148.4243333333334,6,1,NVIDIA-B200,False,training,0,philly
ph-application_1512440382012_3531,2148.603,6,1,NVIDIA-B200,True,training,0,philly
ph-application_1512440382012_3692,2149.5736666666667,8,8,NVIDIA-B200,False,training,0,philly
ph-application_1512440382012_3921,2151.4673333333335,8,1,NVIDIA-B200,False,training,0,philly
ph-application_1512440382012_4333,2152.999,6,1,NVIDIA-B200,False,training,0,philly
ph-application_1512440382012_4396,2153.2123333333334,6,1,NVIDIA-B200,False,inference,0,philly
ph-application_1512440382012_4464,2153.443333333333,6,1,NVIDIA-B200,False,training,0,philly
ph-application_1512440382012_4815,2155.8573333333334,6,1,NVIDIA-B200,False,training,0,philly
ph-application_1512440382012_4921,2156.224,6,1,NVIDIA-B200,False,training,0,philly
ph-application_1512440382012_4999,2161.142333333333,6,1,NVIDIA-B200,False,inference,0,philly
ph-application_1512440382012_5264,2165.556,6,1,NVIDIA-B200,False,inference,0,philly
ph-application_1512440382012_5460,2170.373666666667,6,1,NVIDIA-B200,False,training,0,philly
ph-application_1512440382012_5691,2186.612,6,1,NVIDIA-B200,False,inference,0,philly
ph-application_1512440382012_5733,2192.2,6,8,NVIDIA-B200,False,training,0,philly
ph-application_1512440382012_5821,2200.9443333333334,8,8,NVIDIA-B200,False,training,0,philly
ph-application_1512440382012_6472,2239.966,6,8,NVIDIA-B200,True,training,0,philly
ph-application_1512440382012_6655,2251.0626666666667,6,1,NVIDIA-B200,False,inference,0,philly
ph-application_1512440382012_6734,2253.5823333333333,6,1,NVIDIA-B200,False,inference,0,philly
ph-application_1513025660013_0001,2253.89,6,8,NVIDIA-B200,False,training,0,philly
ph-application_1513025660013_0431,2266.389,6,1,NVIDIA-B200,False,inference,0,philly
ph-application_1513025660013_0722,2278.0046666666667,6,1,NVIDIA-B200,False,inference,0,philly
ph-application_1513025660013_0739,2278.6116666666667,6,1,NVIDIA-B200,False,inference,0,philly
ph-application_1513025660013_0785,2280.3523333333333,6,1,NVIDIA-B200,False,inference,0,philly
ph-application_1513025660013_0831,2281.555,6,1,NVIDIA-B200,False,inference,0,philly
ph-application_1513025660013_0833,2281.557333333333,6,1,NVIDIA-B200,False,inference,0,philly
ph-application_1513025660013_0924,2285.384666666667,6,1,NVIDIA-B200,False,inference,0,philly
ph-application_1513025660013_1012,2289.7356666666665,6,1,NVIDIA-B200,False,training,0,philly
ph-application_1513025660013_2514,2351.809,8,1,NVIDIA-B200,False,training,0,philly
ph-application_1513025660013_2534,2352.2363333333333,8,1,NVIDIA-B200,True,training,0,philly
ph-application_1513390397011_0007,2375.438,6,1,NVIDIA-B200,False,inference,0,philly
ph-application_1513627406021_0065,2458.41,8,8,NVIDIA-B200,True,training,0,philly
ph-application_1513627406021_0155,2462.0016666666666,6,8,NVIDIA-B200,True,training,0,philly
ph-application_1513627406021_0199,2462.8196666666668,8,1,NVIDIA-B200,False,training,0,philly
ph-application_1513627406021_0217,2463.331,6,8,NVIDIA-B200,True,training,0,philly
ph-application_1513627406021_0336,2464.349333333333,6,1,NVIDIA-B200,False,inference,0,philly
ph-application_1513627406021_0497,2469.412,6,1,NVIDIA-B200,True,inference,0,philly
ph-application_1513627406021_0584,2473.354,6,1,NVIDIA-B200,True,inference,0,philly
ph-application_1513627406021_0765,2483.412,6,1,NVIDIA-B200,False,inference,0,philly
ph-application_1513627406021_1120,2497.7856666666667,6,1,NVIDIA-B200,True,inference,0,philly
ph-application_1513627406021_1177,2500.2046666666665,6,1,NVIDIA-B200,False,inference,0,philly
ph-application_1513627406021_1362,2511.171,6,1,NVIDIA-B200,True,inference,0,philly
ph-application_1513627406021_1554,2518.0866666666666,6,1,NVIDIA-B200,False,inference,0,philly
ph-application_1513627406021_1779,2525.1276666666668,6,8,NVIDIA-B200,True,training,0,philly
ph-application_1513627406021_1867,2526.612,6,1,NVIDIA-B200,False,inference,0,philly
ph-application_1513627406021_1894,2527.5036666666665,6,1,NVIDIA-B200,True,training,0,philly
ph-application_1513627406021_1968,2529.8033333333333,8,1,NVIDIA-B200,True,training,0,philly
ph-application_1513627406021_2126,2539.6566666666668,6,1,NVIDIA-B200,False,inference,0,philly
ph-application_1513627406021_2281,2543.5333333333333,6,1,NVIDIA-B200,False,inference,0,philly
ph-application_1513627406021_2434,2546.057,6,1,NVIDIA-B200,False,inference,0,philly
ph-application_1513627406021_2641,2552.6826666666666,6,1,NVIDIA-B200,False,inference,0,philly
